New_date,Magnitude
1/7/2020,1.09
1/7/2020,1.11
1/7/2020,1.02
1/7/2020,0.85
1/7/2020,0.99
1/7/2020,1.93
1/7/2020,0.98
1/7/2020,0.92
1/7/2020,1.25
1/7/2020,0.66
1/6/2020,1.52
1/6/2020,0.78
1/6/2020,2.52
1/6/2020,2.64
1/6/2020,1.27
1/6/2020,0.93
1/6/2020,0.87
1/6/2020,2.43
1/6/2020,1.24
1/6/2020,1.15
1/6/2020,1.24
1/6/2020,1.68
1/6/2020,0.46
1/6/2020,1.69
1/6/2020,1.21
1/6/2020,2.06
1/6/2020,1.63
1/6/2020,1.44
1/6/2020,0.85
1/6/2020,1.83
1/6/2020,1.68
1/6/2020,0.38
1/6/2020,0.3
1/6/2020,0.59
1/6/2020,0.86
1/6/2020,1.17
1/6/2020,1.28
1/6/2020,1.15
1/6/2020,1.37
1/6/2020,0.29
1/6/2020,0.81
1/6/2020,1.18
1/6/2020,0.77
1/6/2020,1.17
1/6/2020,1
1/6/2020,1.9
1/6/2020,2.83
1/6/2020,0.58
1/6/2020,0.79
1/6/2020,2.52
1/6/2020,1.2
1/6/2020,0.79
1/6/2020,0.75
1/6/2020,2.74
1/6/2020,0.79
1/6/2020,0.53
1/6/2020,1.13
1/6/2020,0.8
1/6/2020,1.45
1/6/2020,0.86
1/6/2020,0.7
1/6/2020,1
1/6/2020,0.58
1/6/2020,0.9
1/6/2020,0.4
1/6/2020,0.84
1/6/2020,0.88
1/6/2020,1.54
1/6/2020,0.45
1/6/2020,1.86
1/6/2020,0.91
1/6/2020,0.19
1/6/2020,1.04
1/6/2020,0.65
1/6/2020,0.74
1/6/2020,0.94
1/6/2020,0.62
1/6/2020,2.99
1/6/2020,1.87
1/6/2020,0.83
1/6/2020,1.12
1/6/2020,0.9
1/6/2020,0.96
1/6/2020,0.36
1/6/2020,0.81
1/6/2020,0.92
1/6/2020,1.08
1/6/2020,1.07
1/6/2020,0.81
1/6/2020,0.39
1/6/2020,0.61
1/6/2020,1.04
1/6/2020,1.45
1/6/2020,2.77
1/6/2020,1.13
1/6/2020,1.58
1/6/2020,0.88
1/6/2020,1.18
1/6/2020,2.57
1/6/2020,0.48
1/6/2020,0.67
1/6/2020,0.54
1/6/2020,0.6
1/6/2020,0.97
1/6/2020,1.51
1/6/2020,1
1/6/2020,1.07
1/6/2020,1.03
1/6/2020,1.1
1/6/2020,1.21
1/6/2020,0.57
1/6/2020,0.8
1/6/2020,1.44
1/6/2020,0.7
1/6/2020,0.55
1/6/2020,0.37
1/6/2020,1.14
1/6/2020,0.9
1/6/2020,0.81
1/6/2020,0.58
1/6/2020,0.91
1/6/2020,0.61
1/6/2020,0.87
1/6/2020,0.38
1/6/2020,1.45
1/6/2020,0.92
1/6/2020,0.79
1/6/2020,0.93
1/6/2020,1.56
1/6/2020,1.15
1/6/2020,0.56
1/6/2020,1.05
1/6/2020,0.61
1/6/2020,0.72
1/6/2020,1.58
1/6/2020,1.2
1/6/2020,2.6
1/6/2020,2.02
1/6/2020,0.46
1/6/2020,-0.01
1/6/2020,0.57
1/6/2020,0.78
1/6/2020,0.65
1/6/2020,1.15
1/6/2020,0.5
1/6/2020,0.56
1/6/2020,1.21
1/6/2020,0.84
1/6/2020,0.79
1/6/2020,0.52
1/6/2020,0.73
1/6/2020,0.92
1/6/2020,0.32
1/6/2020,2.04
1/6/2020,0.76
1/6/2020,0.67
1/6/2020,0.65
1/6/2020,0.81
1/6/2020,1.7
1/6/2020,0.14
1/6/2020,1.36
1/6/2020,0.76
1/6/2020,0.83
1/5/2020,1.42
1/5/2020,2.89
1/5/2020,0.65
1/5/2020,0.6
1/5/2020,1.85
1/5/2020,0.86
1/5/2020,0.65
1/5/2020,0.62
1/5/2020,1.45
1/5/2020,0.75
1/5/2020,1.26
1/5/2020,1.34
1/5/2020,1.38
1/5/2020,0.73
1/5/2020,0.76
1/5/2020,1.64
1/5/2020,0.65
1/5/2020,0.68
1/5/2020,1.15
1/5/2020,1.12
1/5/2020,0.55
1/5/2020,0.5
1/5/2020,0.91
1/5/2020,1.52
1/5/2020,0.23
1/5/2020,1.02
1/5/2020,1.19
1/5/2020,0.77
1/5/2020,2.98
1/5/2020,1.23
1/5/2020,2.05
1/5/2020,1.19
1/5/2020,1.21
1/5/2020,1.28
1/5/2020,0.32
1/5/2020,1.03
1/5/2020,1.82
1/5/2020,0.78
1/5/2020,0.8
1/5/2020,1.64
1/5/2020,0.17
1/5/2020,0.76
1/5/2020,1.28
1/5/2020,0.86
1/5/2020,0.57
1/5/2020,0.26
1/5/2020,1.07
1/5/2020,0.12
1/5/2020,0.56
1/5/2020,0.87
1/5/2020,1.1
1/5/2020,1.65
1/5/2020,1.45
1/5/2020,1.22
1/5/2020,1.57
1/5/2020,0.15
1/5/2020,0.8
1/5/2020,0.64
1/5/2020,0.68
1/5/2020,0.75
1/5/2020,0.14
1/5/2020,0.75
1/5/2020,1.05
1/5/2020,1.17
1/5/2020,0.87
1/5/2020,0.57
1/5/2020,0.89
1/5/2020,0.69
1/5/2020,1.05
1/5/2020,0.76
1/5/2020,1.41
1/5/2020,0.56
1/5/2020,0.17
1/5/2020,0.91
1/5/2020,1.12
1/5/2020,0.64
1/5/2020,1.63
1/5/2020,-0.01
1/5/2020,0.89
1/5/2020,1.74
1/5/2020,1.79
1/5/2020,1.49
1/5/2020,0.77
1/5/2020,2.59
1/5/2020,0.9
1/5/2020,0.94
1/5/2020,1.53
1/5/2020,0.17
1/5/2020,0.63
1/5/2020,0.66
1/5/2020,1.35
1/5/2020,1.42
1/5/2020,0.64
1/5/2020,1.03
1/5/2020,0.83
1/5/2020,1.35
1/5/2020,1.05
1/5/2020,1.09
1/5/2020,1.32
1/5/2020,1.47
1/5/2020,0.49
1/5/2020,1.42
1/5/2020,2.09
1/5/2020,1.24
1/5/2020,0.82
1/5/2020,2.04
1/5/2020,2.09
1/5/2020,1.64
1/5/2020,0.44
1/5/2020,0.58
1/5/2020,0.86
1/5/2020,0.71
1/5/2020,0.72
1/5/2020,1.05
1/5/2020,2.15
1/5/2020,1.25
1/5/2020,0.56
1/5/2020,1.06
1/5/2020,2.63
1/5/2020,0.74
1/4/2020,-0.17
1/4/2020,0.51
1/4/2020,0.5
1/4/2020,0.71
1/4/2020,0.35
1/4/2020,0.52
1/4/2020,1.9
1/4/2020,0.91
1/4/2020,0.99
1/4/2020,1.6
1/4/2020,0.77
1/4/2020,1.13
1/4/2020,1.66
1/4/2020,0.14
1/4/2020,0.14
1/4/2020,0.96
1/4/2020,1.5
1/4/2020,0.86
1/4/2020,0.16
1/4/2020,1.22
1/4/2020,0.29
1/4/2020,0.59
1/4/2020,1.1
1/4/2020,0.57
1/4/2020,0.54
1/4/2020,1.02
1/4/2020,1.24
1/4/2020,0.67
1/4/2020,0.87
1/4/2020,0.32
1/4/2020,0.99
1/4/2020,0.18
1/4/2020,1.63
1/4/2020,2.01
1/4/2020,0.18
1/4/2020,1.56
1/4/2020,0.69
1/4/2020,0.96
1/4/2020,0.17
1/4/2020,0.93
1/4/2020,1.62
1/4/2020,1.32
1/4/2020,0.42
1/4/2020,0.36
1/4/2020,2.46
1/4/2020,1.07
1/4/2020,0.89
1/4/2020,0.56
1/4/2020,0.4
1/4/2020,0.83
1/4/2020,1.09
1/4/2020,0.42
1/4/2020,0.38
1/4/2020,0.7
1/4/2020,0.84
1/4/2020,0.93
1/4/2020,1.17
1/4/2020,0.81
1/4/2020,0.62
1/4/2020,1.46
1/4/2020,0.56
1/4/2020,1.32
1/4/2020,1.45
1/4/2020,1.69
1/4/2020,0.81
1/4/2020,1.9
1/4/2020,1.6
1/4/2020,1.06
1/4/2020,0.5
1/4/2020,0.9
1/4/2020,0.77
1/4/2020,0.65
1/4/2020,1.49
1/4/2020,1.36
1/4/2020,0.59
1/4/2020,0.55
1/4/2020,1.2
1/4/2020,0.73
1/4/2020,1.09
1/4/2020,0.81
1/4/2020,1.67
1/4/2020,0.55
1/4/2020,1.01
1/4/2020,1.68
1/4/2020,0.65
1/4/2020,0.77
1/4/2020,0.77
1/4/2020,0.55
1/4/2020,0.48
1/4/2020,0.29
1/4/2020,0.34
1/4/2020,1.1
1/4/2020,1.65
1/4/2020,0.66
1/4/2020,0.76
1/4/2020,2.78
1/4/2020,0.57
1/4/2020,0.65
1/4/2020,0.75
1/4/2020,0.4
1/4/2020,1.2
1/4/2020,0.5
1/4/2020,1.19
1/4/2020,0.62
1/4/2020,0.68
1/4/2020,0.65
1/4/2020,0.86
1/4/2020,0.56
1/4/2020,0.53
1/4/2020,1.58
1/4/2020,0.29
1/4/2020,0.81
1/4/2020,1
1/4/2020,0.47
1/4/2020,1.72
1/4/2020,1.42
1/4/2020,2.2
1/4/2020,0.42
1/4/2020,1.31
1/4/2020,1.49
1/4/2020,0.48
1/4/2020,1.38
1/4/2020,1.21
1/4/2020,0.85
1/4/2020,0.78
1/4/2020,0.51
1/4/2020,0.6
1/4/2020,1.51
1/3/2020,1.4
1/3/2020,2.03
1/3/2020,-0.25
1/3/2020,0.33
1/3/2020,0.73
1/3/2020,1.52
1/3/2020,0.94
1/3/2020,2.45
1/3/2020,1.84
1/3/2020,2.05
1/3/2020,0.92
1/3/2020,0.57
1/3/2020,0.54
1/3/2020,0.96
1/3/2020,0.49
1/3/2020,0.75
1/3/2020,1.1
1/3/2020,2.29
1/3/2020,1.46
1/3/2020,1.21
1/3/2020,0.94
1/3/2020,2.22
1/3/2020,0.74
1/3/2020,0.85
1/3/2020,0.08
1/3/2020,0.82
1/3/2020,1.95
1/3/2020,1.4
1/3/2020,0.74
1/3/2020,1.64
1/3/2020,0.93
1/3/2020,1.18
1/3/2020,0.87
1/3/2020,1.18
1/3/2020,1.45
1/3/2020,0.65
1/3/2020,0.98
1/3/2020,1.08
1/3/2020,1.51
1/3/2020,3.31
1/3/2020,1.62
1/3/2020,0.43
1/3/2020,1.52
1/3/2020,1.1
1/3/2020,0.47
1/3/2020,0.77
1/3/2020,1.54
1/3/2020,0.98
1/3/2020,0.56
1/3/2020,1.25
1/3/2020,0.58
1/3/2020,1.74
1/3/2020,0.78
1/3/2020,0.56
1/3/2020,0.99
1/3/2020,0.75
1/3/2020,0.4
1/3/2020,1.18
1/3/2020,0.58
1/3/2020,0.75
1/3/2020,0.46
1/3/2020,0.91
1/3/2020,1.29
1/3/2020,1.12
1/3/2020,0.91
1/3/2020,1.99
1/3/2020,-0.01
1/3/2020,-0.05
1/3/2020,1.06
1/3/2020,0
1/3/2020,1.03
1/3/2020,0.86
1/3/2020,0.06
1/3/2020,0.89
1/3/2020,0.73
1/3/2020,1.16
1/3/2020,0.53
1/3/2020,1.21
1/3/2020,1.37
1/3/2020,0.41
1/3/2020,0.59
1/3/2020,0.32
1/3/2020,1.52
1/3/2020,0.56
1/3/2020,0.84
1/3/2020,1.5
1/3/2020,1.74
1/3/2020,1.96
1/3/2020,1.09
1/3/2020,0.71
1/3/2020,0.44
1/3/2020,1.55
1/3/2020,0.41
1/3/2020,0.92
1/3/2020,1.05
1/3/2020,0.4
1/3/2020,0.78
1/3/2020,1.09
1/3/2020,1.84
1/3/2020,0.5
1/3/2020,0.6
1/3/2020,0.35
1/3/2020,0.52
1/3/2020,0.94
1/3/2020,2.37
1/3/2020,0.62
1/3/2020,1.75
1/3/2020,1.44
1/3/2020,0.56
1/3/2020,0.67
1/3/2020,1.42
1/3/2020,1.6
1/3/2020,2.49
1/3/2020,1.4
1/3/2020,0.75
1/3/2020,0.98
1/3/2020,0.94
1/3/2020,1.34
1/3/2020,3.14
1/3/2020,0.6
1/3/2020,1.11
1/3/2020,1.17
1/3/2020,0.73
1/3/2020,0.58
1/3/2020,0.82
1/3/2020,0.61
1/3/2020,0.56
1/3/2020,0.79
1/3/2020,0.1
1/3/2020,1.14
1/3/2020,1.44
1/3/2020,0.7
1/3/2020,1.04
1/3/2020,1.53
1/3/2020,1.6
1/3/2020,1.33
1/3/2020,0.96
1/3/2020,1.02
1/3/2020,1.66
1/3/2020,0.98
1/3/2020,0.69
1/3/2020,0.84
1/3/2020,0.24
1/3/2020,0.25
1/3/2020,0.44
1/3/2020,0.78
1/3/2020,2.3
1/3/2020,0.58
1/3/2020,1.04
1/3/2020,0.72
1/3/2020,1.39
1/3/2020,1.07
1/3/2020,1.13
1/3/2020,1
1/3/2020,0.87
1/3/2020,1.63
1/3/2020,1
1/3/2020,1.77
1/3/2020,1.18
1/3/2020,0.9
1/2/2020,0.91
1/2/2020,0.96
1/2/2020,1.32
1/2/2020,1.72
1/2/2020,2.25
1/2/2020,1.13
1/2/2020,1.07
1/2/2020,0.67
1/2/2020,0.98
1/2/2020,0.66
1/2/2020,0.2
1/2/2020,1.75
1/2/2020,1.89
1/2/2020,0.68
1/2/2020,1.63
1/2/2020,1.48
1/2/2020,2.24
1/2/2020,1.34
1/2/2020,2.2
1/2/2020,1.01
1/2/2020,1.41
1/2/2020,1.1
1/2/2020,0.61
1/2/2020,1.97
1/2/2020,1.43
1/2/2020,0.91
1/2/2020,0.73
1/2/2020,0.71
1/2/2020,0.4
1/2/2020,1.29
1/2/2020,0.55
1/2/2020,1.55
1/2/2020,1
1/2/2020,2.68
1/2/2020,0.76
1/2/2020,1.91
1/2/2020,0.67
1/2/2020,0.35
1/2/2020,1.34
1/2/2020,1.3
1/2/2020,0.95
1/2/2020,0.19
1/2/2020,1.24
1/2/2020,1.55
1/2/2020,2.24
1/2/2020,1.4
1/2/2020,1
1/2/2020,1.64
1/2/2020,0.78
1/2/2020,1.17
1/2/2020,1.92
1/2/2020,1.29
1/2/2020,0.88
1/2/2020,0.9
1/2/2020,0.54
1/2/2020,1.16
1/2/2020,1.27
1/2/2020,0.4
1/2/2020,0.58
1/2/2020,-0.17
1/2/2020,0.66
1/2/2020,0.87
1/2/2020,0.47
1/2/2020,0.72
1/2/2020,0.56
1/2/2020,2.31
1/2/2020,0.87
1/2/2020,1.62
1/2/2020,0.71
1/2/2020,1.93
1/2/2020,0.69
1/2/2020,0.35
1/2/2020,0.73
1/2/2020,0.45
1/2/2020,0.34
1/2/2020,0.98
1/2/2020,1.27
1/2/2020,0.78
1/2/2020,4.03
1/2/2020,0.85
1/2/2020,1.89
1/2/2020,-0.23
1/2/2020,0.85
1/2/2020,1.25
1/2/2020,0.91
1/2/2020,1.98
1/2/2020,0.25
1/2/2020,0.61
1/2/2020,1.14
1/2/2020,0.31
1/2/2020,0.57
1/2/2020,0.4
1/2/2020,1.62
1/2/2020,0.78
1/2/2020,1.57
1/2/2020,1.01
1/2/2020,3.86
1/2/2020,0.03
1/2/2020,0.99
1/2/2020,2.22
1/2/2020,1.2
1/2/2020,-0.15
1/2/2020,0.17
1/2/2020,-0.21
1/2/2020,0.68
1/2/2020,1.22
1/2/2020,1.61
1/2/2020,1.09
1/2/2020,1.19
1/2/2020,-0.08
1/2/2020,-0.3
1/2/2020,0.12
1/2/2020,0.96
1/2/2020,2.13
1/2/2020,0.23
1/2/2020,0.54
1/2/2020,0.92
1/2/2020,1.59
1/2/2020,0.77
1/2/2020,0.89
1/2/2020,1.04
1/2/2020,0.2
1/2/2020,0.4
1/2/2020,1.19
1/2/2020,0.61
1/2/2020,0.91
1/2/2020,0.55
1/2/2020,0.9
1/2/2020,0.24
1/2/2020,0.39
1/2/2020,2
1/2/2020,1.42
1/2/2020,0.75
1/2/2020,0.61
1/2/2020,0.72
1/2/2020,0.34
1/2/2020,1.73
1/2/2020,2.22
1/2/2020,0.91
1/2/2020,1.49
1/2/2020,1.81
1/2/2020,1.27
1/2/2020,0.34
1/2/2020,0.89
1/2/2020,0.34
1/2/2020,0.63
1/2/2020,2.33
1/2/2020,0.78
1/2/2020,0.65
1/1/2020,1.39
1/1/2020,1.89
1/1/2020,0.57
1/1/2020,0.65
1/1/2020,1.59
1/1/2020,1.69
1/1/2020,0.67
1/1/2020,1.16
1/1/2020,0.84
1/1/2020,1.55
1/1/2020,0.56
1/1/2020,1.62
1/1/2020,2
1/1/2020,0.96
1/1/2020,1.49
1/1/2020,1.45
1/1/2020,1.41
1/1/2020,1.13
1/1/2020,1.3
1/1/2020,1.25
1/1/2020,0.04
1/1/2020,0.5
1/1/2020,0.9
1/1/2020,0.83
1/1/2020,1.1
1/1/2020,1.88
1/1/2020,1.81
1/1/2020,1.03
1/1/2020,1.09
1/1/2020,1.19
1/1/2020,0.8
1/1/2020,2.34
1/1/2020,0.45
1/1/2020,2.5
1/1/2020,0.97
1/1/2020,1.23
1/1/2020,0.82
1/1/2020,1.11
1/1/2020,1.36
1/1/2020,0.82
1/1/2020,1.59
1/1/2020,0.92
1/1/2020,2.24
1/1/2020,1.51
1/1/2020,1.61
1/1/2020,0.86
1/1/2020,0.81
1/1/2020,0.1
1/1/2020,1.52
1/1/2020,1.59
1/1/2020,1.73
1/1/2020,0.67
1/1/2020,0.6
1/1/2020,0.99
1/1/2020,1.06
1/1/2020,0.9
1/1/2020,0.93
1/1/2020,2.71
1/1/2020,0.55
1/1/2020,1.89
1/1/2020,1.11
1/1/2020,1.37
1/1/2020,0.68
1/1/2020,1.12
1/1/2020,1.5
1/1/2020,2.91
1/1/2020,0.76
1/1/2020,0.99
1/1/2020,0.94
1/1/2020,0.55
1/1/2020,1.91
1/1/2020,1.86
1/1/2020,1.32
1/1/2020,0.68
1/1/2020,1.11
1/1/2020,0.96
1/1/2020,1.25
1/1/2020,1.15
1/1/2020,0.66
1/1/2020,0.81
1/1/2020,3.16
1/1/2020,1.32
1/1/2020,0.76
1/1/2020,0.95
1/1/2020,0.77
1/1/2020,1
1/1/2020,0.4
1/1/2020,0.52
1/1/2020,0.5
1/1/2020,0.97
1/1/2020,0.91
1/1/2020,0.09
1/1/2020,0.96
1/1/2020,0.86
1/1/2020,0.6
1/1/2020,1.05
1/1/2020,0.93
1/1/2020,0.65
1/1/2020,1.2
1/1/2020,1.42
1/1/2020,0.56
1/1/2020,0.4
1/1/2020,1.07
1/1/2020,1.37
1/1/2020,1.08
1/1/2020,1.36
1/1/2020,0.67
1/1/2020,1.64
1/1/2020,0.2
1/1/2020,1.11
1/1/2020,0.74
1/1/2020,1.27
1/1/2020,0.18
1/1/2020,1.13
1/1/2020,0.86
1/1/2020,0.9
1/1/2020,0.79
1/1/2020,0.99
1/1/2020,1.17
1/1/2020,0.82
1/1/2020,0.84
1/1/2020,0.2
1/1/2020,0.81
1/1/2020,0.9
1/1/2020,0.69
1/1/2020,1.09
1/1/2020,0.77
1/1/2020,1.17
1/1/2020,2.03
1/1/2020,-0.05
1/1/2020,1.26
1/1/2020,0.42
1/1/2020,1.2
1/1/2020,0.72
1/1/2020,0.77
1/1/2020,0.33
1/1/2020,2.19
1/1/2020,0.7
1/1/2020,0.68
1/1/2020,1.07
1/1/2020,0.84
1/1/2020,1.38
1/1/2020,1.43
1/1/2020,0.56
1/1/2020,0.9
1/1/2020,1.22
1/1/2020,2.06
12/31/2019,1.45
12/31/2019,0.73
12/31/2019,0.58
12/31/2019,0.94
12/31/2019,0.23
12/31/2019,1.47
12/31/2019,0.81
12/31/2019,0.9
12/31/2019,1.07
12/31/2019,0.56
12/31/2019,0.78
12/31/2019,1.46
12/31/2019,1.63
12/31/2019,0.86
12/31/2019,0.05
12/31/2019,1.66
12/31/2019,0.67
12/31/2019,0.96
12/31/2019,2.59
12/31/2019,1.12
12/31/2019,1.05
12/31/2019,1.57
12/31/2019,1.19
12/31/2019,0.86
12/31/2019,0.96
12/31/2019,1.66
12/31/2019,0.59
12/31/2019,1.43
12/31/2019,0.99
12/31/2019,0.55
12/31/2019,1.42
12/31/2019,1.95
12/31/2019,0.74
12/31/2019,0.91
12/31/2019,1.58
12/31/2019,0.91
12/31/2019,0.68
12/31/2019,1.07
12/31/2019,1.04
12/31/2019,2.52
12/31/2019,0.81
12/31/2019,0.85
12/31/2019,1.43
12/31/2019,1.29
12/31/2019,0.59
12/31/2019,2.23
12/31/2019,1.58
12/31/2019,1.49
12/31/2019,0.83
12/31/2019,1.34
12/31/2019,-0.4
12/31/2019,0.57
12/31/2019,0.82
12/31/2019,1.33
12/31/2019,1.34
12/31/2019,0.74
12/31/2019,0.64
12/31/2019,0.87
12/31/2019,0.81
12/31/2019,1.04
12/31/2019,1.36
12/31/2019,1.03
12/31/2019,0.97
12/31/2019,0.36
12/31/2019,1.04
12/31/2019,1.16
12/31/2019,0.95
12/31/2019,0.98
12/31/2019,0.69
12/31/2019,1.17
12/31/2019,1.14
12/31/2019,1.41
12/31/2019,1.3
12/31/2019,1.56
12/31/2019,1.73
12/31/2019,0.25
12/31/2019,1.62
12/31/2019,1.07
12/31/2019,0.77
12/31/2019,0.64
12/31/2019,0.81
12/31/2019,1.23
12/31/2019,2.02
12/31/2019,0.96
12/31/2019,0.48
12/31/2019,2.04
12/31/2019,0.77
12/31/2019,1.31
12/31/2019,0.81
12/31/2019,1.04
12/31/2019,1.25
12/31/2019,1.08
12/31/2019,2.2
12/31/2019,0.79
12/31/2019,0.22
12/31/2019,0.44
12/31/2019,0.92
12/31/2019,0.99
12/31/2019,1.6
12/31/2019,0.8
12/31/2019,1.45
12/31/2019,0.97
12/31/2019,0.45
12/31/2019,0.91
12/31/2019,0.8
12/31/2019,0.85
12/31/2019,0.2
12/31/2019,0.96
12/31/2019,0.58
12/31/2019,1.06
12/31/2019,1.73
12/30/2019,0.86
12/30/2019,2.38
12/30/2019,0.32
12/30/2019,1.25
12/30/2019,2.46
12/30/2019,0.4
12/30/2019,2.74
12/30/2019,2.67
12/30/2019,1.7
12/30/2019,1.3
12/30/2019,0.29
12/30/2019,0.67
12/30/2019,0.89
12/30/2019,0.99
12/30/2019,0.88
12/30/2019,0.92
12/30/2019,2.07
12/30/2019,1.36
12/30/2019,0.54
12/30/2019,2.54
12/30/2019,0.58
12/30/2019,0.11
12/30/2019,0.55
12/30/2019,0.78
12/30/2019,0.62
12/30/2019,0.85
12/30/2019,0.88
12/30/2019,2.13
12/30/2019,1.79
12/30/2019,1.68
12/30/2019,0.9
12/30/2019,1.09
12/30/2019,0.81
12/30/2019,1.37
12/30/2019,2.62
12/30/2019,0.52
12/30/2019,2.53
12/30/2019,0.93
12/30/2019,0.13
12/30/2019,0.57
12/30/2019,0.92
12/30/2019,0.81
12/30/2019,1.18
12/30/2019,0.58
12/30/2019,0.72
12/30/2019,0.59
12/30/2019,0.52
12/30/2019,1.43
12/30/2019,2.59
12/30/2019,2.29
12/30/2019,0.83
12/30/2019,0.51
12/30/2019,1.19
12/30/2019,1.53
12/30/2019,1.4
12/30/2019,0.79
12/30/2019,1.69
12/30/2019,1.31
12/30/2019,1.31
12/30/2019,1.64
12/30/2019,0.24
12/30/2019,1.58
12/30/2019,0.58
12/30/2019,1.05
12/30/2019,2.53
12/30/2019,0.97
12/30/2019,0.26
12/30/2019,0.17
12/30/2019,1.3
12/30/2019,0.84
12/30/2019,0.62
12/30/2019,0.85
12/30/2019,0.71
12/30/2019,-0.2
12/30/2019,0.92
12/30/2019,1.37
12/30/2019,1.27
12/30/2019,1.4
12/30/2019,1.55
12/30/2019,0.34
12/30/2019,0.89
12/30/2019,1.7
12/30/2019,2.91
12/30/2019,2.02
12/30/2019,0.23
12/30/2019,1.16
12/30/2019,2.11
12/30/2019,0.78
12/30/2019,0.56
12/30/2019,1.11
12/30/2019,0.99
12/30/2019,1.45
12/30/2019,1.09
12/30/2019,0.9
12/30/2019,1.74
12/30/2019,1.1
12/30/2019,0.3
12/30/2019,1.31
12/30/2019,0.56
12/30/2019,0.81
12/30/2019,0.62
12/30/2019,0.97
12/30/2019,1.06
12/30/2019,1.18
12/30/2019,0.44
12/30/2019,0.49
12/30/2019,1.24
12/30/2019,0.56
12/30/2019,0.25
12/30/2019,-0.15
12/30/2019,1.01
12/30/2019,2.11
12/30/2019,0.84
12/30/2019,0.32
12/30/2019,0.8
12/30/2019,1.28
12/30/2019,0.89
12/30/2019,0.89
12/30/2019,0.5
12/30/2019,2.76
12/30/2019,0.98
12/30/2019,0.78
12/30/2019,0.73
12/30/2019,1.62
12/30/2019,0.63
12/30/2019,0.68
12/30/2019,0.89
12/30/2019,1.71
12/30/2019,0.3
12/30/2019,0.85
12/30/2019,0.74
12/30/2019,0.93
12/30/2019,0
12/30/2019,1.57
12/30/2019,0.95
12/30/2019,1.24
12/30/2019,1.16
12/30/2019,0.45
12/30/2019,2.95
12/30/2019,1.37
12/30/2019,0.7
12/30/2019,1.25
12/30/2019,0.29
12/30/2019,1.5
12/29/2019,1.22
12/29/2019,1.21
12/29/2019,1
12/29/2019,0.98
12/29/2019,0.55
12/29/2019,2.01
12/29/2019,2.15
12/29/2019,1.75
12/29/2019,1.54
12/29/2019,0.93
12/29/2019,0.56
12/29/2019,1.09
12/29/2019,1.47
12/29/2019,1.94
12/29/2019,1.23
12/29/2019,0.59
12/29/2019,0.63
12/29/2019,0.55
12/29/2019,1.44
12/29/2019,0.94
12/29/2019,1.8
12/29/2019,1.72
12/29/2019,1.79
12/29/2019,2.32
12/29/2019,1.44
12/29/2019,0.81
12/29/2019,0.9
12/29/2019,-0.03
12/29/2019,0.45
12/29/2019,1.02
12/29/2019,2.13
12/29/2019,0.96
12/29/2019,0.68
12/29/2019,1.08
12/29/2019,0.88
12/29/2019,1.04
12/29/2019,0.91
12/29/2019,1.27
12/29/2019,1.18
12/29/2019,1.08
12/29/2019,1.02
12/29/2019,0.95
12/29/2019,1
12/29/2019,1.56
12/29/2019,1.2
12/29/2019,1.12
12/29/2019,0.34
12/29/2019,1.95
12/29/2019,0.62
12/29/2019,0.79
12/29/2019,0.78
12/29/2019,1.23
12/29/2019,0.74
12/29/2019,1.01
12/29/2019,0.37
12/29/2019,0.63
12/29/2019,1.33
12/29/2019,1.18
12/29/2019,0.62
12/29/2019,0.57
12/29/2019,0.14
12/29/2019,0.8
12/29/2019,0.6
12/29/2019,1.71
12/29/2019,0.21
12/29/2019,0.74
12/29/2019,0.83
12/29/2019,0.93
12/29/2019,0.89
12/29/2019,1.42
12/29/2019,1.3
12/29/2019,0.49
12/29/2019,1.79
12/29/2019,1.22
12/29/2019,1.55
12/29/2019,1.45
12/29/2019,0.55
12/29/2019,0.1
12/29/2019,0.85
12/29/2019,1.56
12/29/2019,0.7
12/29/2019,1.12
12/29/2019,0.94
12/29/2019,0.97
12/29/2019,0.91
12/29/2019,1.09
12/29/2019,0.59
12/29/2019,1.24
12/29/2019,2.13
12/29/2019,0.74
12/29/2019,0.83
12/29/2019,1.58
12/29/2019,1.65
12/29/2019,1.24
12/29/2019,1
12/29/2019,0.45
12/29/2019,0.8
12/29/2019,0.11
12/29/2019,2.2
12/29/2019,1.71
12/29/2019,0.66
12/29/2019,1.3
12/29/2019,0.72
12/29/2019,0.63
12/29/2019,2.06
12/29/2019,1.08
12/29/2019,1.4
12/29/2019,2.79
12/29/2019,0.58
12/29/2019,0.46
12/29/2019,0.88
12/29/2019,1.08
12/29/2019,0.29
12/29/2019,1.03
12/29/2019,0.66
12/29/2019,0.87
12/29/2019,0.57
12/29/2019,1.49
12/29/2019,1.12
12/29/2019,0.64
12/28/2019,0.87
12/28/2019,0.86
12/28/2019,0.91
12/28/2019,1.16
12/28/2019,1.59
12/28/2019,0.87
12/28/2019,1.1
12/28/2019,1.22
12/28/2019,0.87
12/28/2019,1.56
12/28/2019,1.07
12/28/2019,1.52
12/28/2019,0.56
12/28/2019,1.51
12/28/2019,0.74
12/28/2019,1.28
12/28/2019,1.39
12/28/2019,0.78
12/28/2019,0.76
12/28/2019,1.5
12/28/2019,0.56
12/28/2019,1.15
12/28/2019,1.14
12/28/2019,1.69
12/28/2019,1.25
12/28/2019,1.37
12/28/2019,0.85
12/28/2019,1.59
12/28/2019,3.2
12/28/2019,0.71
12/28/2019,2
12/28/2019,0.63
12/28/2019,0.52
12/28/2019,1.17
12/28/2019,0.56
12/28/2019,1.91
12/28/2019,0.72
12/28/2019,1.49
12/28/2019,1.56
12/28/2019,0.96
12/28/2019,0.74
12/28/2019,0.64
12/28/2019,0.82
12/28/2019,0.1
12/28/2019,1.06
12/28/2019,0.73
12/28/2019,0.65
12/28/2019,0.7
12/28/2019,1.9
12/28/2019,1.45
12/28/2019,1.97
12/28/2019,2.18
12/28/2019,1.12
12/28/2019,0.57
12/28/2019,1.12
12/28/2019,0.55
12/28/2019,1.59
12/28/2019,1.59
12/28/2019,0.87
12/28/2019,0.49
12/28/2019,0.8
12/28/2019,0.88
12/28/2019,0.42
12/28/2019,1.11
12/28/2019,1.02
12/28/2019,0.9
12/28/2019,0.65
12/28/2019,0.48
12/28/2019,0.88
12/28/2019,0.62
12/28/2019,0.89
12/28/2019,2.04
12/28/2019,1.15
12/28/2019,1.86
12/28/2019,2.46
12/28/2019,0.55
12/28/2019,0.88
12/28/2019,0.56
12/28/2019,1.36
12/28/2019,0.77
12/28/2019,1.62
12/28/2019,1.41
12/28/2019,0.87
12/28/2019,1.52
12/28/2019,0.57
12/28/2019,0.61
12/28/2019,0.9
12/28/2019,1.18
12/28/2019,0.96
12/28/2019,1.21
12/28/2019,1.36
12/28/2019,1.01
12/28/2019,3.15
12/28/2019,1.17
12/28/2019,0.81
12/28/2019,0.84
12/28/2019,0.69
12/28/2019,0.55
12/28/2019,0.79
12/28/2019,0.16
12/28/2019,2.51
12/28/2019,2
12/28/2019,1.1
12/28/2019,1.04
12/28/2019,1.11
12/28/2019,0.61
12/28/2019,1.02
12/28/2019,2.77
12/28/2019,0.88
12/28/2019,1.89
12/28/2019,0.74
12/28/2019,1.65
12/28/2019,0.69
12/28/2019,1.66
12/28/2019,0.84
12/28/2019,1.79
12/28/2019,0.72
12/28/2019,0.78
12/28/2019,1
12/28/2019,0.76
12/28/2019,0.54
12/28/2019,0.88
12/28/2019,1.31
12/28/2019,0.44
12/28/2019,0.57
12/28/2019,1.34
12/28/2019,1.44
12/28/2019,0.56
12/28/2019,1.13
12/28/2019,0.35
12/28/2019,0.91
12/28/2019,0.86
12/28/2019,0.99
12/28/2019,1.21
12/28/2019,0.83
12/28/2019,1.14
12/27/2019,1.02
12/27/2019,1.48
12/27/2019,2.13
12/27/2019,0.8
12/27/2019,1.15
12/27/2019,1.19
12/27/2019,1.3
12/27/2019,0.98
12/27/2019,1.22
12/27/2019,1.6
12/27/2019,1.2
12/27/2019,0.96
12/27/2019,1.22
12/27/2019,0.65
12/27/2019,0.74
12/27/2019,0.99
12/27/2019,1.08
12/27/2019,1.59
12/27/2019,1.49
12/27/2019,1.37
12/27/2019,0.96
12/27/2019,1.66
12/27/2019,0.33
12/27/2019,1
12/27/2019,1.06
12/27/2019,0.51
12/27/2019,0.68
12/27/2019,1.04
12/27/2019,1.18
12/27/2019,1.65
12/27/2019,0.95
12/27/2019,1.19
12/27/2019,1.13
12/27/2019,1.57
12/27/2019,1.06
12/27/2019,0.94
12/27/2019,1.35
12/27/2019,0.97
12/27/2019,1.9
12/27/2019,1.08
12/27/2019,1.3
12/27/2019,0.82
12/27/2019,1.48
12/27/2019,0.81
12/27/2019,0.88
12/27/2019,1.56
12/27/2019,1.01
12/27/2019,1.17
12/27/2019,1.04
12/27/2019,0.42
12/27/2019,1.2
12/27/2019,1.01
12/27/2019,0.44
12/27/2019,1.47
12/27/2019,1.01
12/27/2019,1.23
12/27/2019,1.14
12/27/2019,2.54
12/27/2019,1.3
12/27/2019,1.26
12/27/2019,0.5
12/27/2019,0.05
12/27/2019,0.93
12/27/2019,0.1
12/27/2019,0.86
12/27/2019,0.94
12/27/2019,0.41
12/27/2019,2.25
12/27/2019,0.95
12/27/2019,0.76
12/27/2019,1.14
12/27/2019,0.98
12/27/2019,1.6
12/27/2019,0.68
12/27/2019,0.57
12/27/2019,0.92
12/27/2019,1.38
12/27/2019,0.68
12/27/2019,0.67
12/27/2019,0.55
12/27/2019,0.56
12/27/2019,0.35
12/27/2019,0.66
12/27/2019,0.96
12/27/2019,2.05
12/27/2019,1.91
12/27/2019,1.67
12/27/2019,0.32
12/27/2019,0.56
12/27/2019,0.85
12/27/2019,0.98
12/27/2019,1.21
12/27/2019,1.84
12/27/2019,0.86
12/27/2019,1.07
12/27/2019,0.64
12/27/2019,1.3
12/27/2019,1.78
12/27/2019,0.28
12/27/2019,0.59
12/27/2019,1.76
12/27/2019,1.44
12/27/2019,0.57
12/27/2019,0.89
12/27/2019,2.29
12/27/2019,1.23
12/27/2019,3.93
12/27/2019,1.48
12/27/2019,0.66
12/27/2019,1.43
12/27/2019,0.19
12/27/2019,0.89
12/27/2019,0.56
12/27/2019,0.66
12/27/2019,1.64
12/27/2019,0.82
12/27/2019,1.33
12/27/2019,1.55
12/27/2019,0.97
12/27/2019,0.96
12/26/2019,1.79
12/26/2019,0.84
12/26/2019,2.24
12/26/2019,1.6
12/26/2019,1.73
12/26/2019,0.92
12/26/2019,2.24
12/26/2019,1.83
12/26/2019,0.73
12/26/2019,0.78
12/26/2019,1.39
12/26/2019,1.24
12/26/2019,1.3
12/26/2019,1.06
12/26/2019,0.77
12/26/2019,1.57
12/26/2019,0.8
12/26/2019,1.31
12/26/2019,0.89
12/26/2019,3.62
12/26/2019,1.32
12/26/2019,1.13
12/26/2019,1.87
12/26/2019,0.89
12/26/2019,1.55
12/26/2019,0.78
12/26/2019,0.79
12/26/2019,0.15
12/26/2019,1.56
12/26/2019,1.86
12/26/2019,1.27
12/26/2019,0.63
12/26/2019,0.11
12/26/2019,1.99
12/26/2019,2.13
12/26/2019,0.88
12/26/2019,0.74
12/26/2019,0.77
12/26/2019,0.37
12/26/2019,1.51
12/26/2019,0.95
12/26/2019,1.4
12/26/2019,0.65
12/26/2019,2.09
12/26/2019,1.3
12/26/2019,0.88
12/26/2019,2.01
12/26/2019,0.64
12/26/2019,1.34
12/26/2019,1.16
12/26/2019,0.4
12/26/2019,0.79
12/26/2019,1.59
12/26/2019,1.31
12/26/2019,0.75
12/26/2019,2.03
12/26/2019,0.57
12/26/2019,1
12/26/2019,1.16
12/26/2019,0.36
12/26/2019,0.46
12/26/2019,0.26
12/26/2019,1.89
12/26/2019,0.95
12/26/2019,0.74
12/26/2019,3.32
12/26/2019,1.23
12/26/2019,1.73
12/26/2019,1.06
12/26/2019,0.91
12/26/2019,0.82
12/26/2019,1.05
12/26/2019,1.44
12/26/2019,2.09
12/26/2019,1
12/26/2019,0.23
12/26/2019,0.86
12/26/2019,0.09
12/26/2019,0.26
12/26/2019,0.58
12/26/2019,0.66
12/26/2019,1.13
12/26/2019,0.98
12/26/2019,1.46
12/26/2019,0.41
12/26/2019,1.69
12/26/2019,0.95
12/26/2019,1.21
12/26/2019,3.74
12/26/2019,2.42
12/26/2019,0.87
12/25/2019,0.56
12/25/2019,0.67
12/25/2019,1.63
12/25/2019,0.48
12/25/2019,0.33
12/25/2019,0.87
12/25/2019,1.08
12/25/2019,0.6
12/25/2019,0.44
12/25/2019,1.02
12/25/2019,0.58
12/25/2019,0.89
12/25/2019,1.41
12/25/2019,1.91
12/25/2019,0.94
12/25/2019,1.26
12/25/2019,1.14
12/25/2019,1.34
12/25/2019,1.17
12/25/2019,1.58
12/25/2019,0.69
12/25/2019,1.27
12/25/2019,1.2
12/25/2019,0.91
12/25/2019,0.82
12/25/2019,1.41
12/25/2019,1.02
12/25/2019,0.89
12/25/2019,1.27
12/25/2019,1.56
12/25/2019,1.02
12/25/2019,1.66
12/25/2019,1.21
12/25/2019,0.1
12/25/2019,1.42
12/25/2019,1.62
12/25/2019,2.21
12/25/2019,1.87
12/25/2019,0.47
12/25/2019,1.79
12/25/2019,0.25
12/25/2019,1.83
12/25/2019,0.67
12/25/2019,0.33
12/25/2019,0.96
12/25/2019,0.67
12/25/2019,1.13
12/25/2019,0.96
12/25/2019,1.16
12/25/2019,1.3
12/25/2019,0.45
12/25/2019,0.21
12/25/2019,1.37
12/25/2019,1.44
12/25/2019,1.3
12/25/2019,2.3
12/25/2019,0.78
12/25/2019,0.6
12/25/2019,0.63
12/25/2019,0.69
12/25/2019,0.33
12/25/2019,0.57
12/25/2019,0.37
12/25/2019,1.71
12/25/2019,0.8
12/25/2019,1.11
12/25/2019,1.1
12/25/2019,1.37
12/25/2019,0.65
12/25/2019,2.39
12/25/2019,0.58
12/25/2019,1.57
12/25/2019,0.4
12/25/2019,-0.12
12/25/2019,0.32
12/25/2019,0.71
12/25/2019,1.56
12/25/2019,1.03
12/25/2019,0.37
12/25/2019,0.08
12/25/2019,-0.01
12/25/2019,0.59
12/25/2019,0.92
12/25/2019,0.7
12/25/2019,1.06
12/25/2019,0.48
12/25/2019,0.08
12/25/2019,0.15
12/25/2019,0.93
12/25/2019,1.18
12/25/2019,0.69
12/25/2019,1.36
12/25/2019,0.82
12/25/2019,2.48
12/25/2019,2.85
12/25/2019,1.38
12/25/2019,0.65
12/25/2019,0.56
12/25/2019,0.35
12/25/2019,0.92
12/25/2019,0.91
12/25/2019,1.17
12/25/2019,0.75
12/25/2019,2.45
12/25/2019,0.61
12/25/2019,0.55
12/25/2019,0.9
12/25/2019,1.54
12/25/2019,1.33
12/25/2019,1.38
12/25/2019,2
12/25/2019,1.07
12/25/2019,0.56
12/25/2019,0.54
12/25/2019,2.48
12/25/2019,0.56
12/25/2019,0.84
12/25/2019,0.6
12/25/2019,1.07
12/25/2019,0.78
12/25/2019,2.49
12/25/2019,1.2
12/25/2019,1.55
12/25/2019,0.94
12/25/2019,1.12
12/25/2019,0.93
12/25/2019,0.35
12/25/2019,0.33
12/25/2019,0.38
12/25/2019,0.55
12/25/2019,0.4
12/25/2019,0.36
12/25/2019,0.56
12/25/2019,1.24
12/25/2019,0.34
12/25/2019,0.35
12/25/2019,0.33
12/25/2019,0.35
12/25/2019,1.79
12/25/2019,1.1
12/25/2019,1.2
12/25/2019,1.13
12/25/2019,2.89
12/25/2019,1.16
12/25/2019,1.18
12/25/2019,0.4
12/25/2019,0.25
12/24/2019,1.34
12/24/2019,0.42
12/24/2019,2.93
12/24/2019,1.32
12/24/2019,1.47
12/24/2019,1.09
12/24/2019,1.54
12/24/2019,1.08
12/24/2019,0.74
12/24/2019,0.3
12/24/2019,0.8
12/24/2019,0.9
12/24/2019,0.44
12/24/2019,0.52
12/24/2019,1.26
12/24/2019,0.56
12/24/2019,0.25
12/24/2019,0.6
12/24/2019,0.68
12/24/2019,2.22
12/24/2019,1.47
12/24/2019,0.59
12/24/2019,0.69
12/24/2019,1.77
12/24/2019,0.92
12/24/2019,-0.37
12/24/2019,1.32
12/24/2019,1.3
12/24/2019,0.95
12/24/2019,0.85
12/24/2019,0.66
12/24/2019,0.89
12/24/2019,0.64
12/24/2019,0.11
12/24/2019,0.5
12/24/2019,0.77
12/24/2019,2.38
12/24/2019,0.99
12/24/2019,1.44
12/24/2019,0.45
12/24/2019,0.74
12/24/2019,1.3
12/24/2019,0.56
12/24/2019,0.4
12/24/2019,2.5
12/24/2019,1.34
12/24/2019,1.32
12/24/2019,1.17
12/24/2019,0.42
12/24/2019,0.59
12/24/2019,0.66
12/24/2019,0.86
12/24/2019,1.59
12/24/2019,0.03
12/24/2019,1.76
12/24/2019,0.6
12/24/2019,0.89
12/24/2019,1.46
12/24/2019,2.06
12/24/2019,2.74
12/24/2019,0.57
12/24/2019,1.82
12/24/2019,0.92
12/24/2019,1.77
12/24/2019,1.13
12/24/2019,0.45
12/24/2019,0.72
12/24/2019,1.2
12/24/2019,1.85
12/24/2019,0.86
12/24/2019,1.19
12/24/2019,1.02
12/24/2019,1.25
12/24/2019,0.71
12/24/2019,0.14
12/24/2019,1.8
12/24/2019,1.61
12/24/2019,1
12/24/2019,1.02
12/24/2019,1.45
12/24/2019,1.34
12/24/2019,0.44
12/24/2019,0.55
12/24/2019,0.51
12/24/2019,0.41
12/24/2019,1.25
12/24/2019,0.31
12/24/2019,1.84
12/24/2019,0.92
12/24/2019,0.51
12/24/2019,0.36
12/24/2019,0.15
12/24/2019,0.27
12/24/2019,0.58
12/24/2019,0.65
12/24/2019,0.8
12/24/2019,0.98
12/24/2019,2.86
12/24/2019,1.1
12/24/2019,0.55
12/24/2019,2.46
12/24/2019,1.2
12/24/2019,1.37
12/24/2019,0.56
12/24/2019,2.39
12/24/2019,0.71
12/24/2019,0.83
12/24/2019,0.72
12/24/2019,0.23
12/24/2019,0.98
12/24/2019,1.09
12/24/2019,0.62
12/24/2019,0.41
12/24/2019,1.74
12/24/2019,0.65
12/24/2019,1.83
12/24/2019,1.05
12/24/2019,3.16
12/24/2019,1.23
12/24/2019,1.18
12/24/2019,0.7
12/24/2019,1.59
12/24/2019,1.45
12/24/2019,0.56
12/24/2019,1.7
12/24/2019,1.49
12/24/2019,2.23
12/24/2019,1.3
12/24/2019,1.1
12/24/2019,1.23
12/24/2019,0.81
12/24/2019,1.08
12/24/2019,0.22
12/24/2019,0.25
12/24/2019,0.64
12/24/2019,1.55
12/24/2019,1.04
12/24/2019,1.24
12/24/2019,0.41
12/24/2019,0.73
12/24/2019,1.23
12/24/2019,0.33
12/24/2019,0.88
12/24/2019,1.65
12/24/2019,2.94
12/24/2019,0.83
12/24/2019,1.34
12/24/2019,1.1
12/24/2019,0.28
12/23/2019,0.58
12/23/2019,1.67
12/23/2019,0.68
12/23/2019,0.99
12/23/2019,0.08
12/23/2019,1.93
12/23/2019,0.9
12/23/2019,0.71
12/23/2019,2.4
12/23/2019,1.02
12/23/2019,0.67
12/23/2019,1.28
12/23/2019,1.49
12/23/2019,1.43
12/23/2019,0.73
12/23/2019,1.26
12/23/2019,1.74
12/23/2019,1.31
12/23/2019,1.19
12/23/2019,1.22
12/23/2019,2.02
12/23/2019,0.7
12/23/2019,0.84
12/23/2019,0.99
12/23/2019,-0.35
12/23/2019,0.94
12/23/2019,0.73
12/23/2019,0.54
12/23/2019,2.11
12/23/2019,2.61
12/23/2019,1.96
12/23/2019,1.1
12/23/2019,1.43
12/23/2019,0.93
12/23/2019,1.51
12/23/2019,0.6
12/23/2019,0.65
12/23/2019,0.62
12/23/2019,1.17
12/23/2019,0.91
12/23/2019,1.17
12/23/2019,0.45
12/23/2019,2.02
12/23/2019,1.64
12/23/2019,1.62
12/23/2019,0.39
12/23/2019,1.78
12/23/2019,2.43
12/23/2019,1.69
12/23/2019,0.83
12/23/2019,0.27
12/23/2019,0.62
12/23/2019,1.01
12/23/2019,0.66
12/23/2019,1.1
12/23/2019,0.58
12/23/2019,0.56
12/23/2019,1
12/23/2019,0.83
12/23/2019,0.32
12/23/2019,0.94
12/23/2019,0.74
12/23/2019,1.42
12/23/2019,1.92
12/23/2019,0.42
12/23/2019,0.99
12/23/2019,2
12/23/2019,1.75
12/23/2019,0.89
12/23/2019,0.71
12/23/2019,1.39
12/23/2019,1.16
12/23/2019,0.79
12/23/2019,0.93
12/23/2019,1.11
12/23/2019,0.82
12/23/2019,0.38
12/23/2019,1.42
12/23/2019,0.78
12/23/2019,1.27
12/23/2019,0.87
12/23/2019,0.38
12/23/2019,0.76
12/23/2019,0.46
12/23/2019,0.82
12/23/2019,0.3
12/23/2019,1.18
12/23/2019,0.89
12/23/2019,1.06
12/23/2019,0.34
12/23/2019,0.78
12/23/2019,0.76
12/23/2019,1.78
12/23/2019,0.19
12/23/2019,0.6
12/23/2019,0.94
12/23/2019,0.84
12/23/2019,0.96
12/23/2019,0.82
12/23/2019,2.74
12/23/2019,1.53
12/23/2019,0.34
12/23/2019,0.64
12/23/2019,2.33
12/23/2019,0.71
12/23/2019,0.15
12/23/2019,0.68
12/23/2019,2.35
12/23/2019,0.8
12/23/2019,0.67
12/23/2019,0.3
12/23/2019,0.55
12/23/2019,0.86
12/23/2019,2.33
12/23/2019,0.55
12/23/2019,0.44
12/23/2019,0.71
12/23/2019,1.17
12/23/2019,1.13
12/23/2019,0.56
12/23/2019,0.39
12/23/2019,1.44
12/23/2019,1.91
12/23/2019,1.43
12/23/2019,0.27
12/23/2019,1
12/23/2019,1.5
12/23/2019,1.01
12/22/2019,0.74
12/22/2019,0.98
12/22/2019,0.57
12/22/2019,1.17
12/22/2019,1.02
12/22/2019,0.79
12/22/2019,1.59
12/22/2019,1.3
12/22/2019,2.33
12/22/2019,0.95
12/22/2019,1.06
12/22/2019,0.95
12/22/2019,0.21
12/22/2019,1.27
12/22/2019,0.71
12/22/2019,0.19
12/22/2019,1.89
12/22/2019,1.93
12/22/2019,0.53
12/22/2019,0.95
12/22/2019,0.92
12/22/2019,1.3
12/22/2019,1.14
12/22/2019,1.74
12/22/2019,0.56
12/22/2019,2.23
12/22/2019,0.53
12/22/2019,0.99
12/22/2019,0.58
12/22/2019,1.17
12/22/2019,1.4
12/22/2019,0.87
12/22/2019,1.45
12/22/2019,1.34
12/22/2019,1.12
12/22/2019,1.97
12/22/2019,0.62
12/22/2019,1.23
12/22/2019,0.87
12/22/2019,0.96
12/22/2019,0.74
12/22/2019,1.45
12/22/2019,1.65
12/22/2019,1.35
12/22/2019,0.93
12/22/2019,1.53
12/22/2019,0.65
12/22/2019,2.3
12/22/2019,0.68
12/22/2019,1.26
12/22/2019,1.63
12/22/2019,1.18
12/22/2019,0.52
12/22/2019,1.2
12/22/2019,1.2
12/22/2019,1.42
12/22/2019,0.8
12/22/2019,1.18
12/22/2019,1.83
12/22/2019,1.22
12/22/2019,1.31
12/22/2019,1.43
12/22/2019,0.64
12/22/2019,0.09
12/22/2019,0.68
12/22/2019,0.89
12/22/2019,1.86
12/22/2019,1.15
12/22/2019,1.45
12/22/2019,1.09
12/22/2019,0.41
12/22/2019,1.74
12/22/2019,1.27
12/22/2019,1.11
12/22/2019,0.69
12/22/2019,0.85
12/22/2019,0.92
12/22/2019,0.88
12/22/2019,0.83
12/22/2019,0.82
12/22/2019,0.94
12/22/2019,0.64
12/22/2019,0.73
12/22/2019,2.13
12/22/2019,1.47
12/22/2019,2
12/22/2019,0.36
12/22/2019,0.79
12/22/2019,0.7
12/22/2019,1.14
12/22/2019,0.26
12/22/2019,0.86
12/22/2019,1.71
12/22/2019,0.97
12/22/2019,1.41
12/22/2019,1.12
12/22/2019,0.92
12/22/2019,1.63
12/22/2019,1.45
12/22/2019,1.69
12/22/2019,0.55
12/22/2019,0.6
12/22/2019,1.05
12/22/2019,1.37
12/22/2019,0.88
12/22/2019,0.11
12/22/2019,1.85
12/22/2019,2.23
12/22/2019,0.99
12/22/2019,0.76
12/22/2019,1.13
12/22/2019,1.11
12/22/2019,1.13
12/22/2019,1.64
12/22/2019,0.37
12/22/2019,1.15
12/22/2019,0.92
12/22/2019,1.42
12/22/2019,0.8
12/22/2019,0.17
12/22/2019,1.04
12/21/2019,0.57
12/21/2019,0.75
12/21/2019,1.7
12/21/2019,1.07
12/21/2019,1.27
12/21/2019,0.65
12/21/2019,1.44
12/21/2019,0.03
12/21/2019,0.81
12/21/2019,0.64
12/21/2019,0.63
12/21/2019,0.23
12/21/2019,2.54
12/21/2019,2.26
12/21/2019,0.85
12/21/2019,0.68
12/21/2019,0.34
12/21/2019,0.78
12/21/2019,1.08
12/21/2019,0.51
12/21/2019,2.48
12/21/2019,1.11
12/21/2019,0.91
12/21/2019,1.8
12/21/2019,0.61
12/21/2019,0.82
12/21/2019,2.29
12/21/2019,1.19
12/21/2019,0.63
12/21/2019,1.49
12/21/2019,0.88
12/21/2019,1.2
12/21/2019,0.87
12/21/2019,1.17
12/21/2019,1.65
12/21/2019,1.32
12/21/2019,2.36
12/21/2019,0.54
12/21/2019,1.26
12/21/2019,0.78
12/21/2019,1.1
12/21/2019,1.99
12/21/2019,1.62
12/21/2019,0.54
12/21/2019,2.27
12/21/2019,2.4
12/21/2019,0.69
12/21/2019,1.4
12/21/2019,0.33
12/21/2019,1.83
12/21/2019,0.25
12/21/2019,1.77
12/21/2019,1.27
12/21/2019,0.78
12/21/2019,0.08
12/21/2019,0.65
12/21/2019,1.38
12/21/2019,0.96
12/21/2019,1.14
12/21/2019,1.18
12/21/2019,1.02
12/21/2019,0.73
12/21/2019,-0.12
12/21/2019,0.82
12/21/2019,1.07
12/21/2019,2.18
12/21/2019,0.61
12/21/2019,1.39
12/21/2019,1.01
12/21/2019,2.22
12/21/2019,1.8
12/21/2019,1.38
12/21/2019,2.04
12/21/2019,0.14
12/21/2019,0.61
12/21/2019,0.8
12/21/2019,0.69
12/21/2019,1.29
12/21/2019,0.54
12/21/2019,1.17
12/21/2019,0.77
12/21/2019,1.28
12/21/2019,0.45
12/21/2019,1.17
12/21/2019,1.8
12/21/2019,1.01
12/21/2019,0.62
12/21/2019,0.66
12/21/2019,0.06
12/21/2019,0.91
12/21/2019,1.17
12/21/2019,0.42
12/21/2019,0.64
12/21/2019,1.24
12/21/2019,2.18
12/21/2019,1.15
12/21/2019,0.78
12/21/2019,1.29
12/21/2019,-0.68
12/21/2019,0.77
12/21/2019,0.82
12/21/2019,1.63
12/21/2019,1.56
12/21/2019,0.83
12/21/2019,2.45
12/21/2019,0.84
12/21/2019,0.63
12/21/2019,1.79
12/21/2019,3.91
12/21/2019,0.65
12/21/2019,0.88
12/21/2019,2.61
12/21/2019,0.77
12/21/2019,0.32
12/21/2019,1
12/21/2019,1.44
12/21/2019,0.62
12/21/2019,0.69
12/21/2019,1.14
12/21/2019,0.52
12/21/2019,0.63
12/21/2019,1.42
12/21/2019,2.14
12/21/2019,0.55
12/21/2019,1.41
12/21/2019,0.64
12/21/2019,1.46
12/21/2019,2.53
12/21/2019,0.75
12/21/2019,0.76
12/21/2019,2.42
12/21/2019,0.43
12/21/2019,0.95
12/21/2019,1.15
12/21/2019,2.39
12/21/2019,0.27
12/21/2019,0.84
12/21/2019,1.42
12/21/2019,0.9
12/21/2019,1.31
12/21/2019,1.44
12/21/2019,0.93
12/21/2019,1.62
12/21/2019,0.89
12/21/2019,1.84
12/21/2019,0.68
12/21/2019,0.78
12/21/2019,1.3
12/21/2019,1.12
12/21/2019,1.31
12/21/2019,1.31
12/21/2019,1.89
12/21/2019,1.08
12/21/2019,0.79
12/21/2019,1.58
12/21/2019,1.18
12/21/2019,0.59
12/21/2019,1.12
12/21/2019,2.25
12/21/2019,1.56
12/21/2019,0.27
12/21/2019,0.59
12/21/2019,0.46
12/21/2019,0.22
12/21/2019,0.07
12/21/2019,0.27
12/21/2019,1.42
12/21/2019,0.91
12/21/2019,0.9
12/21/2019,0.92
12/21/2019,1.41
12/21/2019,0.57
12/21/2019,1.25
12/21/2019,3.84
12/21/2019,0.84
12/21/2019,1.22
12/21/2019,1.31
12/21/2019,1.29
12/20/2019,0.86
12/20/2019,0.87
12/20/2019,0.56
12/20/2019,1.87
12/20/2019,1.85
12/20/2019,1.32
12/20/2019,0.13
12/20/2019,1.04
12/20/2019,0.54
12/20/2019,1.35
12/20/2019,0.82
12/20/2019,0.46
12/20/2019,1.1
12/20/2019,1.89
12/20/2019,0.7
12/20/2019,0.87
12/20/2019,0.81
12/20/2019,1.22
12/20/2019,1.01
12/20/2019,0.87
12/20/2019,1.11
12/20/2019,1.03
12/20/2019,1.16
12/20/2019,0.63
12/20/2019,1.63
12/20/2019,0.63
12/20/2019,0.86
12/20/2019,1.11
12/20/2019,2.03
12/20/2019,3.23
12/20/2019,1.61
12/20/2019,1.4
12/20/2019,2.23
12/20/2019,0.52
12/20/2019,1.01
12/20/2019,1.79
12/20/2019,1.08
12/20/2019,0.17
12/20/2019,1.55
12/20/2019,0.86
12/20/2019,0.19
12/20/2019,0.59
12/20/2019,2.18
12/20/2019,0.56
12/20/2019,0.84
12/20/2019,0.24
12/20/2019,1.72
12/20/2019,1.43
12/20/2019,0.43
12/20/2019,1.4
12/20/2019,1.29
12/20/2019,1.03
12/20/2019,1.49
12/20/2019,-0.13
12/20/2019,0.33
12/20/2019,1.7
12/20/2019,0.5
12/20/2019,0.19
12/20/2019,0.27
12/20/2019,1.38
12/20/2019,1.44
12/20/2019,0.91
12/20/2019,0.87
12/20/2019,0.66
12/20/2019,1.29
12/20/2019,1.45
12/20/2019,2.36
12/20/2019,0.89
12/20/2019,0.66
12/20/2019,0.7
12/20/2019,0.61
12/20/2019,0.83
12/20/2019,0.83
12/20/2019,0.95
12/20/2019,0.96
12/20/2019,0.36
12/20/2019,0.57
12/20/2019,1
12/20/2019,0.77
12/20/2019,1.53
12/20/2019,1.23
12/20/2019,1.36
12/20/2019,1.72
12/20/2019,0.71
12/20/2019,2.42
12/20/2019,0.68
12/20/2019,0.72
12/20/2019,0.83
12/20/2019,1.98
12/20/2019,0.47
12/20/2019,1.54
12/20/2019,2.35
12/20/2019,0.64
12/20/2019,1.01
12/20/2019,0.11
12/20/2019,1.49
12/20/2019,2.16
12/20/2019,0.29
12/20/2019,0.36
12/20/2019,0.27
12/20/2019,0.74
12/20/2019,0.74
12/20/2019,1.34
12/20/2019,1.12
12/20/2019,0.27
12/20/2019,0.8
12/20/2019,1.12
12/20/2019,0.88
12/20/2019,0.69
12/20/2019,1.02
12/20/2019,1.21
12/20/2019,0.79
12/20/2019,0.29
12/20/2019,0.48
12/20/2019,0.16
12/20/2019,0.12
12/20/2019,0.41
12/20/2019,0.95
12/20/2019,0.58
12/20/2019,0.93
12/20/2019,0.89
12/20/2019,0.46
12/20/2019,0.67
12/20/2019,1.48
12/20/2019,0.24
12/20/2019,0.24
12/20/2019,0.79
12/20/2019,0.64
12/20/2019,1.19
12/20/2019,0.82
12/20/2019,0.7
12/20/2019,1.07
12/20/2019,1.48
12/20/2019,1.63
12/20/2019,1.2
12/20/2019,1.27
12/20/2019,1.24
12/20/2019,2.59
12/20/2019,0.83
12/20/2019,1.78
12/20/2019,1.99
12/20/2019,0.81
12/20/2019,0.9
12/20/2019,1.65
12/20/2019,1.07
12/20/2019,-0.3
12/20/2019,2.56
12/20/2019,1.13
12/20/2019,1.9
12/20/2019,1.33
12/20/2019,3.11
12/20/2019,1.01
12/20/2019,1.68
12/20/2019,1.15
12/20/2019,1.02
12/20/2019,0.91
12/20/2019,0.14
12/20/2019,0.87
12/20/2019,2.54
12/20/2019,0.96
12/20/2019,1.88
12/20/2019,1.2
12/20/2019,0.4
12/20/2019,0.42
12/20/2019,0.31
12/20/2019,0.43
12/20/2019,0.55
12/20/2019,1.42
12/20/2019,0.15
12/20/2019,1.75
12/20/2019,1.88
12/20/2019,1.34
12/20/2019,0.79
12/20/2019,0.78
12/20/2019,1.41
12/20/2019,0.79
12/20/2019,0.04
12/20/2019,1.17
12/20/2019,0.84
12/20/2019,1.13
12/20/2019,0.39
12/20/2019,1.75
12/20/2019,0.29
12/20/2019,0.35
12/20/2019,0.45
12/20/2019,0.84
12/20/2019,0.23
12/20/2019,0.92
12/20/2019,0.24
12/20/2019,0.33
12/20/2019,1.64
12/20/2019,0.9
12/20/2019,1.2
12/20/2019,0.63
12/20/2019,0.61
12/20/2019,0.6
12/20/2019,0.75
12/20/2019,1.51
12/20/2019,2.16
12/20/2019,1.79
12/20/2019,1.7
12/19/2019,0.73
12/19/2019,1.91
12/19/2019,1.92
12/19/2019,0.46
12/19/2019,0.87
12/19/2019,0.58
12/19/2019,0.78
12/19/2019,0.41
12/19/2019,1.03
12/19/2019,1.49
12/19/2019,1.13
12/19/2019,1.29
12/19/2019,0.82
12/19/2019,1.41
12/19/2019,1.28
12/19/2019,1.02
12/19/2019,1.08
12/19/2019,1.68
12/19/2019,2.21
12/19/2019,1.02
12/19/2019,1.33
12/19/2019,0.82
12/19/2019,1.97
12/19/2019,3.05
12/19/2019,1.26
12/19/2019,1.15
12/19/2019,1.33
12/19/2019,1.67
12/19/2019,0.73
12/19/2019,0.78
12/19/2019,0.69
12/19/2019,0.1
12/19/2019,1.15
12/19/2019,0.87
12/19/2019,1.48
12/19/2019,1.01
12/19/2019,0.92
12/19/2019,0.91
12/19/2019,0.86
12/19/2019,0.7
12/19/2019,1.25
12/19/2019,0.77
12/19/2019,1.02
12/19/2019,1.43
12/19/2019,1.07
12/19/2019,0.84
12/19/2019,0.4
12/19/2019,0.35
12/19/2019,2.62
12/19/2019,1.03
12/19/2019,1.63
12/19/2019,4.06
12/19/2019,1.63
12/19/2019,1.34
12/19/2019,0.91
12/19/2019,1.3
12/19/2019,0.95
12/19/2019,1.1
12/19/2019,0.36
12/19/2019,0.5
12/19/2019,0.99
12/19/2019,1.65
12/19/2019,-0.12
12/19/2019,1.74
12/19/2019,0.89
12/19/2019,0.27
12/19/2019,0.94
12/19/2019,0.59
12/19/2019,0.83
12/19/2019,1.22
12/19/2019,0.75
12/19/2019,1.96
12/19/2019,0.63
12/19/2019,1.08
12/19/2019,1.24
12/19/2019,0.63
12/19/2019,0.81
12/19/2019,0.9
12/19/2019,0.92
12/19/2019,1.14
12/19/2019,0.59
12/19/2019,0.22
12/19/2019,0.23
12/19/2019,1.47
12/19/2019,0.76
12/19/2019,1.19
12/19/2019,0.09
12/19/2019,1.45
12/19/2019,0.56
12/19/2019,2.14
12/19/2019,0.86
12/19/2019,1.34
12/19/2019,0.8
12/19/2019,0.76
12/19/2019,1.13
12/19/2019,2.65
12/19/2019,0.72
12/19/2019,0.32
12/19/2019,1.33
12/19/2019,1.13
12/19/2019,0.67
12/19/2019,0.82
12/19/2019,0.43
12/19/2019,0.57
12/19/2019,0.87
12/19/2019,1.23
12/19/2019,0.55
12/19/2019,1.24
12/19/2019,0.84
12/19/2019,1.02
12/19/2019,0.02
12/19/2019,0.9
12/19/2019,0.58
12/19/2019,0.59
12/19/2019,0.62
12/19/2019,2.02
12/19/2019,0.95
12/19/2019,1.36
12/19/2019,0.75
12/19/2019,0.75
12/19/2019,0.26
12/19/2019,0.55
12/19/2019,0.27
12/19/2019,1.38
12/19/2019,0.97
12/19/2019,0.94
12/19/2019,0.43
12/19/2019,1.76
12/18/2019,0.76
12/18/2019,0.92
12/18/2019,0.29
12/18/2019,0.72
12/18/2019,0.95
12/18/2019,0.94
12/18/2019,0.73
12/18/2019,1.05
12/18/2019,0.83
12/18/2019,1.07
12/18/2019,1.6
12/18/2019,0.92
12/18/2019,0.48
12/18/2019,0.55
12/18/2019,1.18
12/18/2019,1.37
12/18/2019,1.2
12/18/2019,0.54
12/18/2019,0.97
12/18/2019,0.68
12/18/2019,2.16
12/18/2019,0.7
12/18/2019,0.72
12/18/2019,2.11
12/18/2019,0.72
12/18/2019,0.97
12/18/2019,0.97
12/18/2019,0.21
12/18/2019,0.48
12/18/2019,0.55
12/18/2019,1.28
12/18/2019,1.14
12/18/2019,0.39
12/18/2019,0.7
12/18/2019,1
12/18/2019,0.99
12/18/2019,0.75
12/18/2019,1.17
12/18/2019,1.52
12/18/2019,0.74
12/18/2019,1.53
12/18/2019,0.99
12/18/2019,0.47
12/18/2019,0.8
12/18/2019,1.01
12/18/2019,2.3
12/18/2019,0.77
12/18/2019,0.81
12/18/2019,0.89
12/18/2019,1.21
12/18/2019,1.1
12/18/2019,1.12
12/18/2019,1.37
12/18/2019,1.81
12/18/2019,0.52
12/18/2019,0.96
12/18/2019,1.68
12/18/2019,0.77
12/18/2019,1.31
12/18/2019,0.99
12/18/2019,1.16
12/18/2019,0.68
12/18/2019,1.86
12/18/2019,1.16
12/18/2019,0.25
12/18/2019,1.45
12/18/2019,1.76
12/18/2019,0.58
12/18/2019,1.16
12/18/2019,2.57
12/18/2019,0.8
12/18/2019,0.58
12/18/2019,0.49
12/18/2019,1.63
12/18/2019,0.9
12/18/2019,1.95
12/18/2019,1.03
12/18/2019,0.53
12/18/2019,0.68
12/18/2019,0.55
12/18/2019,0.76
12/18/2019,0.92
12/18/2019,0.77
12/18/2019,1.16
12/18/2019,1.43
12/18/2019,1.59
12/18/2019,1.82
12/18/2019,0.54
12/18/2019,2.02
12/18/2019,0.34
12/18/2019,0.65
12/18/2019,0.85
12/18/2019,0.43
12/18/2019,1.29
12/18/2019,0.29
12/18/2019,1.04
12/18/2019,1.8
12/18/2019,0.19
12/18/2019,1.42
12/18/2019,0.88
12/18/2019,0.74
12/18/2019,0.6
12/18/2019,0.67
12/18/2019,0.91
12/18/2019,1.14
12/18/2019,0.03
12/18/2019,0.45
12/18/2019,0.71
12/18/2019,1.27
12/18/2019,1.41
12/18/2019,1.38
12/18/2019,0.39
12/18/2019,1.07
12/18/2019,0.29
12/18/2019,0.54
12/18/2019,0.68
12/18/2019,1.45
12/18/2019,0.23
12/18/2019,0.39
12/18/2019,-0.34
12/18/2019,0.67
12/18/2019,1.1
12/18/2019,1.26
12/18/2019,0.81
12/18/2019,2.09
12/18/2019,1.81
12/18/2019,0.96
12/18/2019,0.54
12/18/2019,1.35
12/18/2019,1.16
12/18/2019,0.52
12/18/2019,0.01
12/18/2019,0.32
12/18/2019,0.65
12/18/2019,0.9
12/18/2019,1.79
12/18/2019,1.03
12/18/2019,1.03
12/18/2019,1.01
12/18/2019,0.97
12/18/2019,1.35
12/18/2019,1.05
12/18/2019,1.77
12/18/2019,0.02
12/18/2019,0.86
12/18/2019,0.89
12/18/2019,2.05
12/18/2019,0.19
12/18/2019,1.1
12/18/2019,1.65
12/18/2019,0.9
12/18/2019,0.73
12/18/2019,0.74
12/18/2019,0.76
12/18/2019,1.1
12/18/2019,0.99
12/17/2019,1.98
12/17/2019,0.66
12/17/2019,1.72
12/17/2019,0.59
12/17/2019,1.2
12/17/2019,0.78
12/17/2019,-0.06
12/17/2019,1.01
12/17/2019,1.35
12/17/2019,0.97
12/17/2019,0.88
12/17/2019,1.47
12/17/2019,0.98
12/17/2019,0.78
12/17/2019,0.16
12/17/2019,2.62
12/17/2019,1.43
12/17/2019,1.1
12/17/2019,-0.05
12/17/2019,0.28
12/17/2019,0.28
12/17/2019,0.38
12/17/2019,1.46
12/17/2019,1.32
12/17/2019,0.66
12/17/2019,0.49
12/17/2019,0.68
12/17/2019,-0.5
12/17/2019,1.21
12/17/2019,1.12
12/17/2019,0.78
12/17/2019,0.96
12/17/2019,0.62
12/17/2019,0.48
12/17/2019,2.11
12/17/2019,1.67
12/17/2019,0.96
12/17/2019,1.64
12/17/2019,1.66
12/17/2019,0.81
12/17/2019,1.15
12/17/2019,0.48
12/17/2019,0.73
12/17/2019,0.84
12/17/2019,4.29
12/17/2019,1.05
12/17/2019,0.18
12/17/2019,1.7
12/17/2019,1.15
12/17/2019,1.34
12/17/2019,0.11
12/17/2019,0.53
12/17/2019,0.72
12/17/2019,0.11
12/17/2019,1.17
12/17/2019,2.62
12/17/2019,1.18
12/17/2019,1.2
12/17/2019,0.43
12/17/2019,0.59
12/17/2019,0.58
12/17/2019,0.61
12/17/2019,0.26
12/17/2019,1.02
12/17/2019,0.5
12/17/2019,0.65
12/17/2019,1.15
12/17/2019,2.34
12/17/2019,1.51
12/17/2019,1.2
12/17/2019,1.26
12/17/2019,0.84
12/17/2019,1.08
12/17/2019,1.2
12/17/2019,0.35
12/17/2019,0.2
12/17/2019,0.66
12/17/2019,1.54
12/17/2019,2.66
12/17/2019,1.3
12/17/2019,1.76
12/17/2019,0.66
12/17/2019,1.88
12/17/2019,1.15
12/17/2019,0.5
12/17/2019,0.7
12/17/2019,0.9
12/17/2019,0.01
12/17/2019,1.59
12/17/2019,0.83
12/17/2019,0.87
12/17/2019,0.75
12/17/2019,0.31
12/17/2019,0.62
12/17/2019,0.69
12/17/2019,1.03
12/17/2019,1.13
12/17/2019,1.11
12/17/2019,0.42
12/17/2019,0.12
12/17/2019,0.96
12/17/2019,2.14
12/17/2019,1.05
12/17/2019,1.53
12/17/2019,0.92
12/17/2019,1.08
12/17/2019,0.59
12/17/2019,1.69
12/17/2019,0.58
12/17/2019,1.54
12/17/2019,1.09
12/17/2019,0.11
12/17/2019,1.59
12/17/2019,1.5
12/17/2019,0.68
12/17/2019,1.13
12/17/2019,0.76
12/17/2019,0.92
12/17/2019,1.28
12/17/2019,1
12/17/2019,1.3
12/17/2019,1.08
12/17/2019,1.2
12/17/2019,1.42
12/17/2019,0.52
12/17/2019,0.95
12/17/2019,0.57
12/17/2019,0.39
12/17/2019,0.55
12/17/2019,1.16
12/17/2019,0.97
12/17/2019,0.52
12/17/2019,3.61
12/17/2019,1.87
12/17/2019,0.68
12/17/2019,0.85
12/17/2019,0.55
12/17/2019,1.47
12/17/2019,0.89
12/17/2019,1.47
12/17/2019,1.14
12/17/2019,0.97
12/17/2019,0.71
12/17/2019,0.9
12/17/2019,0.8
12/17/2019,1.4
12/17/2019,0.81
12/17/2019,1.99
12/17/2019,1.18
12/17/2019,1.72
12/17/2019,0.91
12/17/2019,0.92
12/17/2019,0.89
12/17/2019,1.13
12/17/2019,0.75
12/17/2019,0.24
12/17/2019,0.72
12/17/2019,1.3
12/17/2019,0.4
12/17/2019,0.85
12/17/2019,1.6
12/17/2019,1.47
12/16/2019,1.54
12/16/2019,-0.18
12/16/2019,0.21
12/16/2019,0.78
12/16/2019,0.22
12/16/2019,0.46
12/16/2019,1.49
12/16/2019,-0.02
12/16/2019,0.7
12/16/2019,1.08
12/16/2019,0.92
12/16/2019,1.13
12/16/2019,0.63
12/16/2019,3.56
12/16/2019,2.23
12/16/2019,2.26
12/16/2019,0.96
12/16/2019,1.02
12/16/2019,0.4
12/16/2019,1.32
12/16/2019,1.93
12/16/2019,0.2
12/16/2019,0.77
12/16/2019,0.95
12/16/2019,0.41
12/16/2019,1.15
12/16/2019,1.06
12/16/2019,1.3
12/16/2019,0.86
12/16/2019,1.67
12/16/2019,1
12/16/2019,1.17
12/16/2019,0.53
12/16/2019,0.15
12/16/2019,1.41
12/16/2019,1.58
12/16/2019,0.26
12/16/2019,0.55
12/16/2019,1.03
12/16/2019,0.77
12/16/2019,0.78
12/16/2019,2.08
12/16/2019,2.19
12/16/2019,0.21
12/16/2019,0.76
12/16/2019,1.38
12/16/2019,0.27
12/16/2019,1.34
12/16/2019,0.23
12/16/2019,0.66
12/16/2019,0.86
12/16/2019,1.14
12/16/2019,0.76
12/16/2019,0.84
12/16/2019,0.88
12/16/2019,0.89
12/16/2019,3.46
12/16/2019,0.56
12/16/2019,0.82
12/16/2019,0.77
12/16/2019,0.56
12/16/2019,1.3
12/16/2019,0.44
12/16/2019,1.09
12/16/2019,1.06
12/16/2019,0.99
12/16/2019,2.11
12/16/2019,2.26
12/16/2019,0.52
12/16/2019,1.05
12/16/2019,0.77
12/16/2019,0.54
12/16/2019,0.49
12/16/2019,1.14
12/16/2019,1.16
12/16/2019,2.19
12/16/2019,1.13
12/16/2019,1.68
12/16/2019,0.8
12/16/2019,2.03
12/16/2019,0.75
12/16/2019,0.88
12/16/2019,1.09
12/16/2019,0.55
12/16/2019,0.89
12/16/2019,1.29
12/16/2019,2.2
12/16/2019,1.07
12/16/2019,1.26
12/16/2019,0.85
12/16/2019,1.19
12/16/2019,2.66
12/16/2019,0.49
12/16/2019,0.49
12/16/2019,0.56
12/16/2019,0.85
12/16/2019,1.74
12/16/2019,2.75
12/16/2019,0.56
12/16/2019,0.85
12/16/2019,1.61
12/16/2019,1.74
12/16/2019,0.62
12/16/2019,0.37
12/16/2019,0.97
12/16/2019,1
12/16/2019,0.75
12/16/2019,-0.1
12/16/2019,2.16
12/16/2019,2.3
12/16/2019,1.86
12/16/2019,2.31
12/16/2019,1.61
12/16/2019,1.69
12/16/2019,1.21
12/16/2019,1.12
12/16/2019,0.8
12/16/2019,0.94
12/16/2019,1.8
12/16/2019,0.79
12/16/2019,0.66
12/16/2019,0.55
12/16/2019,0.38
12/16/2019,-0.1
12/16/2019,0.79
12/16/2019,1.16
12/16/2019,1.57
12/16/2019,0.52
12/16/2019,1.21
12/16/2019,0.57
12/16/2019,1.56
12/16/2019,1.24
12/16/2019,0.9
12/16/2019,1.25
12/15/2019,0.55
12/15/2019,1.66
12/15/2019,1.26
12/15/2019,0.51
12/15/2019,1.92
12/15/2019,0.22
12/15/2019,0.75
12/15/2019,0.8
12/15/2019,1.53
12/15/2019,0.73
12/15/2019,1.95
12/15/2019,1.21
12/15/2019,1.47
12/15/2019,1.21
12/15/2019,1
12/15/2019,0.98
12/15/2019,0.34
12/15/2019,1.34
12/15/2019,1.07
12/15/2019,0.9
12/15/2019,1
12/15/2019,0.29
12/15/2019,0.42
12/15/2019,1.4
12/15/2019,1.92
12/15/2019,0.61
12/15/2019,2.85
12/15/2019,0.92
12/15/2019,1.04
12/15/2019,1.45
12/15/2019,1.09
12/15/2019,1.83
12/15/2019,0.9
12/15/2019,0.65
12/15/2019,0.6
12/15/2019,1.17
12/15/2019,1.64
12/15/2019,0.88
12/15/2019,0.64
12/15/2019,1.45
12/15/2019,2.19
12/15/2019,0.7
12/15/2019,0.44
12/15/2019,1.1
12/15/2019,1.1
12/15/2019,0.48
12/15/2019,0.92
12/15/2019,1.52
12/15/2019,0.68
12/15/2019,1.84
12/15/2019,0.76
12/15/2019,1.63
12/15/2019,0.67
12/15/2019,1.71
12/15/2019,1.77
12/15/2019,1.14
12/15/2019,0.6
12/15/2019,0.79
12/15/2019,1.06
12/15/2019,1.22
12/15/2019,1.23
12/15/2019,1.56
12/15/2019,1.08
12/15/2019,0.57
12/15/2019,0.56
12/15/2019,0.93
12/15/2019,0.94
12/15/2019,0.6
12/15/2019,0.54
12/15/2019,0.89
12/15/2019,1.12
12/15/2019,0.97
12/15/2019,0.54
12/15/2019,0.63
12/15/2019,1.35
12/15/2019,1.35
12/15/2019,0.55
12/15/2019,1.33
12/15/2019,0.18
12/15/2019,1.15
12/15/2019,1.87
12/15/2019,1.02
12/15/2019,1.12
12/15/2019,1.29
12/15/2019,1.12
12/15/2019,1.71
12/15/2019,1.5
12/15/2019,0.36
12/15/2019,1.03
12/15/2019,0.86
12/15/2019,1.28
12/15/2019,0.58
12/15/2019,0.34
12/15/2019,1.18
12/15/2019,1.57
12/14/2019,2.31
12/14/2019,0.44
12/14/2019,1.13
12/14/2019,1.72
12/14/2019,0.56
12/14/2019,0.88
12/14/2019,-0.35
12/14/2019,0.67
12/14/2019,1.37
12/14/2019,0.44
12/14/2019,1.65
12/14/2019,1.11
12/14/2019,0.69
12/14/2019,0.56
12/14/2019,2.86
12/14/2019,0.75
12/14/2019,1.26
12/14/2019,0.91
12/14/2019,1.5
12/14/2019,0.67
12/14/2019,0.74
12/14/2019,1.58
12/14/2019,0.82
12/14/2019,0.62
12/14/2019,0.74
12/14/2019,0.75
12/14/2019,1.09
12/14/2019,1.19
12/14/2019,1.11
12/14/2019,1
12/14/2019,1.28
12/14/2019,0.45
12/14/2019,0.95
12/14/2019,-0.13
12/14/2019,0.72
12/14/2019,0.76
12/14/2019,1.4
12/14/2019,1
12/14/2019,0.91
12/14/2019,1.05
12/14/2019,0.27
12/14/2019,1.27
12/14/2019,0.87
12/14/2019,0.84
12/14/2019,0.99
12/14/2019,0.88
12/14/2019,1.18
12/14/2019,1.36
12/14/2019,0.23
12/14/2019,0.64
12/14/2019,1.03
12/14/2019,1.4
12/14/2019,1.19
12/14/2019,0.72
12/14/2019,0.88
12/14/2019,0.9
12/14/2019,0.5
12/14/2019,1.59
12/14/2019,0.95
12/14/2019,0.66
12/14/2019,1.22
12/14/2019,0.55
12/14/2019,0.96
12/14/2019,1.68
12/14/2019,0.82
12/14/2019,0.93
12/14/2019,0.22
12/14/2019,0.91
12/14/2019,1.79
12/14/2019,0.88
12/14/2019,0.89
12/14/2019,1.06
12/14/2019,0.36
12/14/2019,1.02
12/14/2019,1.34
12/14/2019,1.58
12/14/2019,1.39
12/14/2019,1.25
12/14/2019,1.14
12/14/2019,1.09
12/14/2019,1.29
12/14/2019,1.31
12/14/2019,1.08
12/14/2019,1.08
12/14/2019,0.72
12/14/2019,1.15
12/14/2019,1.06
12/14/2019,2.49
12/14/2019,0.59
12/14/2019,1.98
12/14/2019,2.25
12/14/2019,0.97
12/14/2019,1.2
12/14/2019,1.47
12/14/2019,1.21
12/14/2019,1.57
12/14/2019,1.31
12/14/2019,1.24
12/14/2019,0.4
12/14/2019,0.74
12/14/2019,0.44
12/14/2019,1.16
12/14/2019,2.45
12/14/2019,1.41
12/14/2019,1.08
12/14/2019,1.52
12/14/2019,1.67
12/14/2019,1.4
12/14/2019,1.45
12/14/2019,0.91
12/14/2019,1.03
12/14/2019,1
12/14/2019,1.3
12/14/2019,0.55
12/14/2019,1.19
12/14/2019,0.56
12/14/2019,1.32
12/14/2019,2.33
12/14/2019,1.25
12/14/2019,0.71
12/14/2019,1.01
12/14/2019,1.33
12/14/2019,1.1
12/14/2019,0.36
12/13/2019,1.64
12/13/2019,2.41
12/13/2019,0.76
12/13/2019,0.7
12/13/2019,0.7
12/13/2019,0.56
12/13/2019,3.04
12/13/2019,1.53
12/13/2019,0.26
12/13/2019,0.82
12/13/2019,1.23
12/13/2019,1.01
12/13/2019,1.03
12/13/2019,1.54
12/13/2019,1.49
12/13/2019,0.19
12/13/2019,0.54
12/13/2019,0.42
12/13/2019,1.25
12/13/2019,0.83
12/13/2019,0.3
12/13/2019,0.2
12/13/2019,0.66
12/13/2019,0.78
12/13/2019,0.15
12/13/2019,0.74
12/13/2019,1.21
12/13/2019,2.13
12/13/2019,1.68
12/13/2019,1.06
12/13/2019,2.56
12/13/2019,1.68
12/13/2019,0.29
12/13/2019,1.12
12/13/2019,1.15
12/13/2019,0.75
12/13/2019,0.82
12/13/2019,-0.09
12/13/2019,0.82
12/13/2019,1.32
12/13/2019,1.59
12/13/2019,0.02
12/13/2019,2.02
12/13/2019,1.77
12/13/2019,0.63
12/13/2019,0.55
12/13/2019,0.88
12/13/2019,-0.05
12/13/2019,1.07
12/13/2019,-0.18
12/13/2019,0.32
12/13/2019,0.94
12/13/2019,0.61
12/13/2019,0.55
12/13/2019,0.66
12/13/2019,0
12/13/2019,1.05
12/13/2019,1.97
12/13/2019,1
12/13/2019,0.92
12/13/2019,1.01
12/13/2019,2.28
12/13/2019,1.22
12/13/2019,0.84
12/13/2019,0.75
12/13/2019,0.03
12/13/2019,1.4
12/13/2019,0.85
12/13/2019,0.4
12/13/2019,0.16
12/13/2019,0.66
12/13/2019,0.36
12/13/2019,0.83
12/13/2019,0.95
12/13/2019,1.49
12/13/2019,0.87
12/13/2019,0.56
12/13/2019,0.81
12/13/2019,1.64
12/13/2019,0.74
12/13/2019,1.51
12/13/2019,1.04
12/13/2019,0.95
12/13/2019,0.34
12/13/2019,0.84
12/13/2019,0.61
12/13/2019,0.91
12/13/2019,0.85
12/13/2019,0.81
12/13/2019,0.73
12/13/2019,1.26
12/13/2019,0.49
12/13/2019,0.77
12/13/2019,0.98
12/13/2019,0.38
12/13/2019,0.94
12/13/2019,1.04
12/13/2019,0.91
12/13/2019,1.75
12/13/2019,0.67
12/13/2019,0.28
12/13/2019,0.65
12/13/2019,1.22
12/13/2019,0.87
12/13/2019,0.64
12/13/2019,0.83
12/13/2019,1.08
12/13/2019,2.17
12/13/2019,1.4
12/13/2019,0.92
12/13/2019,1.49
12/13/2019,0.7
12/13/2019,1.05
12/13/2019,0.02
12/13/2019,1.06
12/13/2019,1.42
12/13/2019,0.82
12/13/2019,0.29
12/13/2019,1.63
12/13/2019,1.43
12/13/2019,0.57
12/13/2019,1.06
12/13/2019,0.83
12/13/2019,0.48
12/13/2019,0.87
12/13/2019,1.64
12/13/2019,1.56
12/13/2019,0.81
12/13/2019,0.7
12/13/2019,1.03
12/13/2019,1.33
12/13/2019,0.53
12/13/2019,0.53
12/13/2019,0.82
12/13/2019,0.89
12/13/2019,0.55
12/13/2019,0.94
12/13/2019,2.01
12/13/2019,2.64
12/13/2019,1.17
12/13/2019,0.62
12/13/2019,0.59
12/13/2019,0.13
12/13/2019,1.26
12/13/2019,1.39
12/13/2019,0.77
12/13/2019,0.68
12/13/2019,0.68
12/13/2019,1.47
12/13/2019,1.15
12/13/2019,0.35
12/13/2019,0.27
12/13/2019,0.89
12/12/2019,1.6
12/12/2019,1.18
12/12/2019,0.33
12/12/2019,0.77
12/12/2019,1.74
12/12/2019,0.84
12/12/2019,0.52
12/12/2019,0.77
12/12/2019,0.78
12/12/2019,0.58
12/12/2019,1.04
12/12/2019,0.47
12/12/2019,0.65
12/12/2019,0.1
12/12/2019,0.6
12/12/2019,1.08
12/12/2019,1.16
12/12/2019,0.91
12/12/2019,1.19
12/12/2019,0.76
12/12/2019,0.56
12/12/2019,0.97
12/12/2019,0.89
12/12/2019,2.75
12/12/2019,0.19
12/12/2019,1.45
12/12/2019,0.67
12/12/2019,1.11
12/12/2019,0.71
12/12/2019,0.7
12/12/2019,1.28
12/12/2019,0.69
12/12/2019,1.09
12/12/2019,1.63
12/12/2019,1.94
12/12/2019,0.23
12/12/2019,0.74
12/12/2019,1.51
12/12/2019,0.51
12/12/2019,1.57
12/12/2019,0.47
12/12/2019,1.85
12/12/2019,1.38
12/12/2019,1.06
12/12/2019,1.25
12/12/2019,1.25
12/12/2019,1.96
12/12/2019,1.9
12/12/2019,1.28
12/12/2019,1.16
12/12/2019,0.11
12/12/2019,0.87
12/12/2019,2.18
12/12/2019,0.68
12/12/2019,0.69
12/12/2019,1.73
12/12/2019,0.65
12/12/2019,1.29
12/12/2019,1.45
12/12/2019,0.69
12/12/2019,0.26
12/12/2019,1.26
12/12/2019,0.72
12/12/2019,1.55
12/12/2019,0.41
12/12/2019,0.98
12/12/2019,1.16
12/12/2019,0.74
12/12/2019,1.31
12/12/2019,0.49
12/12/2019,0.32
12/12/2019,1.34
12/12/2019,0.68
12/12/2019,1.18
12/12/2019,2.23
12/12/2019,0.8
12/12/2019,0.95
12/12/2019,0.63
12/12/2019,0.45
12/12/2019,2.16
12/12/2019,3.51
12/12/2019,0.75
12/12/2019,1.13
12/12/2019,1.2
12/12/2019,0.66
12/12/2019,0.87
12/12/2019,0.79
12/12/2019,1.27
12/12/2019,0.52
12/12/2019,1.9
12/12/2019,1.05
12/12/2019,1.41
12/12/2019,2.97
12/12/2019,0.16
12/12/2019,0.48
12/12/2019,0.32
12/12/2019,0.38
12/12/2019,0.8
12/12/2019,0.29
12/12/2019,0.56
12/12/2019,0.69
12/12/2019,1.44
12/12/2019,0.79
12/12/2019,1.2
12/12/2019,0.83
12/12/2019,0.35
12/12/2019,0.95
12/12/2019,1.02
12/12/2019,0.77
12/12/2019,1.66
12/12/2019,1.02
12/12/2019,1.2
12/12/2019,0.8
12/12/2019,0.48
12/12/2019,0.94
12/12/2019,0.91
12/12/2019,1.35
12/12/2019,1.25
12/12/2019,0.84
12/12/2019,0.69
12/12/2019,0.77
12/12/2019,0.88
12/12/2019,0.64
12/12/2019,1.57
12/12/2019,1.29
12/12/2019,0.56
12/12/2019,0.72
12/12/2019,0.78
12/12/2019,1.15
12/12/2019,0.75
12/12/2019,1.13
12/12/2019,1.16
12/12/2019,1.48
12/12/2019,0.57
12/12/2019,1.1
12/12/2019,1.08
12/12/2019,1.41
12/12/2019,1.16
12/12/2019,0.61
12/12/2019,0.47
12/12/2019,1.36
12/12/2019,1.15
12/12/2019,0.5
12/12/2019,0.74
12/12/2019,0.92
12/12/2019,0.31
12/12/2019,0.63
12/12/2019,1.06
12/12/2019,0.93
12/12/2019,1.27
12/12/2019,0.82
12/12/2019,1.44
12/12/2019,0.42
12/12/2019,0.6
12/12/2019,0.22
12/12/2019,1.41
12/12/2019,0.9
12/12/2019,0.58
12/12/2019,1.24
12/12/2019,0.54
12/12/2019,1.07
12/12/2019,1.59
12/12/2019,0.09
12/12/2019,0.68
12/12/2019,2.1
12/12/2019,1.31
12/12/2019,1.01
12/12/2019,1.68
12/12/2019,0.49
12/12/2019,0.48
12/12/2019,1.26
12/12/2019,0.9
12/12/2019,1.72
12/11/2019,0.2
12/11/2019,0.65
12/11/2019,1.06
12/11/2019,0.04
12/11/2019,1.09
12/11/2019,0.2
12/11/2019,0.45
12/11/2019,1.42
12/11/2019,0.6
12/11/2019,0.86
12/11/2019,0.37
12/11/2019,1.05
12/11/2019,0.6
12/11/2019,0.59
12/11/2019,0.69
12/11/2019,1.41
12/11/2019,1.1
12/11/2019,1.35
12/11/2019,2.23
12/11/2019,1.01
12/11/2019,0.17
12/11/2019,1.37
12/11/2019,0.79
12/11/2019,1.01
12/11/2019,1.48
12/11/2019,0.66
12/11/2019,1.04
12/11/2019,1.07
12/11/2019,1.47
12/11/2019,1.09
12/11/2019,0.02
12/11/2019,0.82
12/11/2019,0.8
12/11/2019,1.15
12/11/2019,0.61
12/11/2019,0.54
12/11/2019,0.46
12/11/2019,0.1
12/11/2019,0.74
12/11/2019,1.18
12/11/2019,0.07
12/11/2019,0.45
12/11/2019,0.73
12/11/2019,1.74
12/11/2019,0.5
12/11/2019,0.66
12/11/2019,0.58
12/11/2019,-0.04
12/11/2019,0.33
12/11/2019,0.88
12/11/2019,0.99
12/11/2019,2.72
12/11/2019,0.65
12/11/2019,1.56
12/11/2019,0.59
12/11/2019,1.34
12/11/2019,0.86
12/11/2019,0.74
12/11/2019,0.57
12/11/2019,0.53
12/11/2019,0.33
12/11/2019,0.37
12/11/2019,1.44
12/11/2019,0.46
12/11/2019,0.5
12/11/2019,1.35
12/11/2019,1.01
12/11/2019,0.97
12/11/2019,0.83
12/11/2019,0.14
12/11/2019,1.25
12/11/2019,0.7
12/11/2019,0.51
12/11/2019,0.9
12/11/2019,0.78
12/11/2019,1.18
12/11/2019,0.56
12/11/2019,1.11
12/11/2019,0.75
12/11/2019,0.57
12/11/2019,-0.21
12/11/2019,1.25
12/11/2019,0.55
12/11/2019,1.09
12/11/2019,1.91
12/11/2019,0.47
12/11/2019,0.64
12/11/2019,0.84
12/11/2019,0.96
12/11/2019,1.4
12/11/2019,0.34
12/11/2019,0.67
12/11/2019,1.23
12/11/2019,1.06
12/11/2019,1.98
12/11/2019,1.16
12/11/2019,1.62
12/11/2019,0.78
12/11/2019,0.25
12/11/2019,0.33
12/11/2019,0.6
12/11/2019,0.34
12/11/2019,0.34
12/11/2019,1.14
12/11/2019,0.51
12/11/2019,-0.06
12/11/2019,1.32
12/11/2019,0.61
12/11/2019,0.31
12/11/2019,1.66
12/11/2019,0.24
12/11/2019,0.28
12/11/2019,0.6
12/11/2019,1.7
12/11/2019,0.82
12/11/2019,0.75
12/11/2019,0.29
12/11/2019,0.32
12/11/2019,0.7
12/11/2019,0.86
12/11/2019,1.51
12/11/2019,1.05
12/11/2019,0.03
12/11/2019,1.43
12/11/2019,1.46
12/11/2019,0.81
12/11/2019,1.03
12/11/2019,1
12/11/2019,1.53
12/11/2019,1.68
12/11/2019,0.95
12/11/2019,0.63
12/11/2019,1.2
12/11/2019,-0.32
12/11/2019,2.16
12/11/2019,1.14
12/11/2019,0.4
12/11/2019,0.57
12/11/2019,0.58
12/11/2019,2.06
12/11/2019,0.48
12/11/2019,2.34
12/11/2019,0.54
12/11/2019,1.46
12/11/2019,2.24
12/11/2019,0.61
12/11/2019,0.84
12/10/2019,2.02
12/10/2019,0.2
12/10/2019,1.51
12/10/2019,0.35
12/10/2019,1.59
12/10/2019,1.7
12/10/2019,0.55
12/10/2019,0.65
12/10/2019,0.44
12/10/2019,0.31
12/10/2019,1.21
12/10/2019,1.51
12/10/2019,1.44
12/10/2019,0.45
12/10/2019,0.87
12/10/2019,0.88
12/10/2019,1.21
12/10/2019,0.34
12/10/2019,1.94
12/10/2019,0.78
12/10/2019,1.22
12/10/2019,0.82
12/10/2019,0.56
12/10/2019,0.43
12/10/2019,0.57
12/10/2019,3.35
12/10/2019,1.61
12/10/2019,2.35
12/10/2019,1.67
12/10/2019,0.86
12/10/2019,0.71
12/10/2019,0.5
12/10/2019,0.59
12/10/2019,0.81
12/10/2019,0.37
12/10/2019,1.3
12/10/2019,1.05
12/10/2019,1.09
12/10/2019,1.25
12/10/2019,0.79
12/10/2019,1.12
12/10/2019,1.69
12/10/2019,1.94
12/10/2019,1.05
12/10/2019,1.29
12/10/2019,0.4
12/10/2019,0.57
12/10/2019,1.27
12/10/2019,0.66
12/10/2019,0.93
12/10/2019,0.16
12/10/2019,2.06
12/10/2019,2.99
12/10/2019,0.79
12/10/2019,1.04
12/10/2019,0.65
12/10/2019,2.06
12/10/2019,0.89
12/10/2019,1.5
12/10/2019,0.36
12/10/2019,1.87
12/10/2019,1.85
12/10/2019,1.75
12/10/2019,1.13
12/10/2019,0.95
12/10/2019,0.5
12/10/2019,1.06
12/10/2019,1.11
12/10/2019,1.2
12/10/2019,0.3
12/10/2019,1.19
12/10/2019,0.26
12/10/2019,1.38
12/10/2019,0.68
12/10/2019,2.29
12/10/2019,1.21
12/10/2019,1.13
12/10/2019,0.74
12/10/2019,0.7
12/10/2019,0.71
12/10/2019,0.87
12/10/2019,0.79
12/10/2019,0.62
12/10/2019,2.38
12/10/2019,0.93
12/10/2019,1.5
12/10/2019,0.92
12/10/2019,0.94
12/10/2019,1.39
12/10/2019,0.93
12/10/2019,0.85
12/10/2019,0.21
12/10/2019,1.42
12/10/2019,1.12
12/10/2019,0.48
12/10/2019,0.71
12/10/2019,0.59
12/10/2019,0.51
12/10/2019,0.85
12/10/2019,0.99
12/10/2019,0.48
12/10/2019,0.44
12/10/2019,1.37
12/10/2019,1.25
12/10/2019,0.95
12/10/2019,0.13
12/10/2019,1.2
12/10/2019,0.48
12/10/2019,1.4
12/10/2019,0.7
12/10/2019,0.56
12/10/2019,0.91
12/10/2019,0.73
12/10/2019,0.59
12/10/2019,0.96
12/10/2019,0.82
12/10/2019,0.67
12/10/2019,0.88
12/10/2019,0.74
12/10/2019,1.6
12/10/2019,1
12/10/2019,0.31
12/10/2019,0.75
12/10/2019,0.82
12/10/2019,0.53
12/10/2019,0.66
12/10/2019,0.64
12/10/2019,1.28
12/10/2019,0.79
12/10/2019,1.24
12/10/2019,2.1
12/10/2019,0.88
12/10/2019,0.6
12/10/2019,0.72
12/10/2019,1.07
12/10/2019,0.5
12/10/2019,1.62
12/10/2019,1.22
12/10/2019,0.9
12/10/2019,0.58
12/10/2019,1.61
12/10/2019,1.42
12/10/2019,0.25
12/10/2019,0.52
12/10/2019,0.95
12/10/2019,0.45
12/10/2019,1.28
12/10/2019,0.44
12/10/2019,0.65
12/10/2019,0.29
12/10/2019,0.34
12/10/2019,0.78
12/10/2019,0.77
12/10/2019,0.91
12/10/2019,2.1
12/10/2019,0.62
12/10/2019,0.77
12/10/2019,0.91
12/10/2019,0.92
12/10/2019,0.86
12/10/2019,0.05
12/10/2019,0.52
12/10/2019,0.59
12/10/2019,0.45
12/10/2019,0.7
12/10/2019,0.39
12/10/2019,0.59
12/10/2019,0.99
12/10/2019,1.13
12/10/2019,0.93
12/10/2019,0.78
12/10/2019,0.7
12/10/2019,1.05
12/10/2019,0.99
12/10/2019,1.21
12/10/2019,0.53
12/10/2019,0.67
12/10/2019,0.3
12/10/2019,0.73
12/10/2019,0.25
12/10/2019,0.78
12/10/2019,0.9
12/10/2019,1.86
12/10/2019,0.82
12/10/2019,1.63
12/10/2019,0.71
12/10/2019,1.08
12/10/2019,1.37
12/10/2019,0.76
12/10/2019,1.19
12/10/2019,0.5
12/10/2019,0.24
12/10/2019,1.08
12/9/2019,0.58
12/9/2019,0.4
12/9/2019,0.95
12/9/2019,1.51
12/9/2019,-0.24
12/9/2019,-0.23
12/9/2019,0.5
12/9/2019,0.78
12/9/2019,1.21
12/9/2019,0.95
12/9/2019,0.6
12/9/2019,1.43
12/9/2019,0.9
12/9/2019,0.81
12/9/2019,0.56
12/9/2019,2.19
12/9/2019,0.88
12/9/2019,0.88
12/9/2019,0.97
12/9/2019,1.22
12/9/2019,2.92
12/9/2019,0.57
12/9/2019,0.74
12/9/2019,0.57
12/9/2019,1.38
12/9/2019,1.5
12/9/2019,1.27
12/9/2019,0.6
12/9/2019,1.21
12/9/2019,0.97
12/9/2019,1.01
12/9/2019,0.77
12/9/2019,1.05
12/9/2019,1.97
12/9/2019,1.1
12/9/2019,1.54
12/9/2019,1.7
12/9/2019,1.89
12/9/2019,1.13
12/9/2019,1.11
12/9/2019,1.72
12/9/2019,0.98
12/9/2019,1.29
12/9/2019,1.18
12/9/2019,1.6
12/9/2019,0.88
12/9/2019,0.73
12/9/2019,1.26
12/9/2019,1.07
12/9/2019,1.11
12/9/2019,0.48
12/9/2019,1.84
12/9/2019,1.19
12/9/2019,1.58
12/9/2019,2.98
12/9/2019,1.77
12/9/2019,0.93
12/9/2019,1.56
12/9/2019,1.02
12/9/2019,0.36
12/9/2019,0.75
12/9/2019,0.7
12/9/2019,0.37
12/9/2019,0.92
12/9/2019,2.22
12/9/2019,0.36
12/9/2019,0.51
12/9/2019,1.13
12/9/2019,0.5
12/9/2019,1.14
12/9/2019,2.06
12/9/2019,0.97
12/9/2019,0.27
12/9/2019,1.84
12/9/2019,0.64
12/9/2019,1.2
12/9/2019,0.98
12/9/2019,0.4
12/9/2019,0.84
12/9/2019,1.19
12/9/2019,1.19
12/9/2019,1.37
12/9/2019,1.16
12/9/2019,0.8
12/9/2019,0.87
12/9/2019,1.04
12/9/2019,1.53
12/9/2019,0.4
12/9/2019,0.74
12/9/2019,0.52
12/9/2019,0.48
12/9/2019,0.95
12/9/2019,0.93
12/9/2019,0.78
12/9/2019,0.74
12/9/2019,0.86
12/9/2019,0.78
12/9/2019,0.85
12/9/2019,0.85
12/9/2019,1.24
12/9/2019,0.6
12/9/2019,0.97
12/9/2019,0.87
12/9/2019,0.78
12/9/2019,0.62
12/9/2019,1.19
12/9/2019,1.23
12/9/2019,0.96
12/9/2019,1.22
12/9/2019,0.51
12/9/2019,1.33
12/9/2019,1.11
12/9/2019,0.61
12/9/2019,0.9
12/9/2019,0.92
12/9/2019,2.01
12/9/2019,0.57
12/9/2019,0.9
12/9/2019,1.03
12/9/2019,1.1
12/9/2019,0.56
12/9/2019,0.85
12/9/2019,1.52
12/8/2019,1.1
12/8/2019,1.49
12/8/2019,1.18
12/8/2019,1.73
12/8/2019,0.94
12/8/2019,0.58
12/8/2019,1.93
12/8/2019,0.73
12/8/2019,1.6
12/8/2019,1.01
12/8/2019,1.48
12/8/2019,0.76
12/8/2019,2.2
12/8/2019,2.92
12/8/2019,0.02
12/8/2019,0.63
12/8/2019,1.14
12/8/2019,1.86
12/8/2019,0.77
12/8/2019,1.04
12/8/2019,0.95
12/8/2019,0.9
12/8/2019,1.13
12/8/2019,0.6
12/8/2019,0.8
12/8/2019,1.64
12/8/2019,0.43
12/8/2019,1.11
12/8/2019,0.54
12/8/2019,0.18
12/8/2019,2.74
12/8/2019,1.57
12/8/2019,1.27
12/8/2019,1.88
12/8/2019,0.94
12/8/2019,1.94
12/8/2019,0.92
12/8/2019,1.04
12/8/2019,0.83
12/8/2019,1.47
12/8/2019,1.23
12/8/2019,1.35
12/8/2019,1.35
12/8/2019,0.73
12/8/2019,0.33
12/8/2019,0.31
12/8/2019,1.07
12/8/2019,0.76
12/8/2019,1.3
12/8/2019,1.12
12/8/2019,0.97
12/8/2019,0.51
12/8/2019,0.35
12/8/2019,0.96
12/8/2019,1.39
12/8/2019,1.57
12/8/2019,1.17
12/8/2019,1.36
12/8/2019,1.43
12/8/2019,1.19
12/8/2019,0.79
12/8/2019,0.07
12/8/2019,0.6
12/8/2019,1.02
12/8/2019,1.73
12/8/2019,1.4
12/8/2019,1.29
12/8/2019,1.38
12/8/2019,0.82
12/8/2019,1.54
12/8/2019,1.7
12/8/2019,0.6
12/8/2019,2.1
12/8/2019,0.77
12/8/2019,2.09
12/8/2019,0.84
12/8/2019,0.52
12/8/2019,0.42
12/8/2019,0.79
12/8/2019,0.78
12/8/2019,1.91
12/8/2019,2.36
12/8/2019,0.96
12/8/2019,1.5
12/8/2019,0.49
12/8/2019,0.62
12/8/2019,1.71
12/8/2019,0.92
12/8/2019,0.59
12/8/2019,1.37
12/8/2019,0.96
12/8/2019,0.88
12/8/2019,0.23
12/8/2019,0.88
12/8/2019,1.49
12/8/2019,0.84
12/8/2019,0.96
12/8/2019,0.16
12/8/2019,0.76
12/8/2019,0.65
12/8/2019,0.48
12/8/2019,0.9
