Date,Av_Temp
2009-01-01,59.1
2009-01-02,68.8
2009-01-03,71.8
2009-01-04,67.5
2009-01-05,45.7
2009-01-06,47.9
2009-01-07,54
2009-01-08,61.3
2009-01-09,69.8
2009-01-10,63.5
2009-01-11,44.9
2009-01-12,47.6
2009-01-13,47
2009-01-14,46.9
2009-01-15,50.3
2009-01-16,42.2
2009-01-17,58.3
2009-01-18,62.2
2009-01-19,58.3
2009-01-20,51.6
2009-01-21,49.6
2009-01-22,58.6
2009-01-23,66.1
2009-01-24,54.6
2009-01-25,49.7
2009-01-26,61.1
2009-01-27,65.2
2009-01-28,42.6
2009-01-29,45.5
2009-01-30,50.5
2009-01-31,53.1
2009-02-01,64.5
2009-02-02,57.4
2009-02-03,51.6
2009-02-04,49.4
2009-02-05,57.5
2009-02-06,63.9
2009-02-07,66.4
2009-02-08,67
2009-02-09,68.9
2009-02-10,69.4
2009-02-11,61.4
2009-02-12,60.3
2009-02-13,68.4
2009-02-14,64.2
2009-02-15,61
2009-02-16,53.8
2009-02-17,65.4
2009-02-18,69.5
2009-02-19,60.4
2009-02-20,54.3
2009-02-21,59.7
2009-02-22,49.5
2009-02-23,52.4
2009-02-24,63.8
2009-02-25,67.5
2009-02-26,71.1
2009-02-27,73
2009-02-28,62.5
2009-03-01,47.4
2009-03-02,51.4
2009-03-03,54.6
2009-03-04,64.5
2009-03-05,69.5
2009-03-06,69.1
2009-03-07,70.8
2009-03-08,71.7
2009-03-09,72.7
2009-03-10,73.2
2009-03-11,70.2
2009-03-12,49.8
2009-03-13,45.3
2009-03-14,45.7
2009-03-15,51.9
2009-03-16,59.8
2009-03-17,59.1
2009-03-18,58.2
2009-03-19,61.6
2009-03-20,66
2009-03-21,64.6
2009-03-22,66
2009-03-23,71.2
2009-03-24,72.7
2009-03-25,71.8
2009-03-26,67.4
2009-03-27,70.2
2009-03-28,54.7
2009-03-29,56.6
2009-03-30,66.1
2009-03-31,68.9
2009-04-01,63.4
2009-04-02,68.9
2009-04-03,62
2009-04-04,68.1
2009-04-05,70.8
2009-04-06,56.4
2009-04-07,56
2009-04-08,64.6
2009-04-09,70.3
2009-04-10,75.7
2009-04-11,68.2
2009-04-12,70.7
2009-04-13,66.9
2009-04-14,64.9
2009-04-15,65.3
2009-04-16,67.6
2009-04-17,67.3
2009-04-18,69.8
2009-04-19,69.7
2009-04-20,68.2
2009-04-21,71.2
2009-04-22,74.6
2009-04-23,73
2009-04-24,71.7
2009-04-25,73.8
2009-04-26,75.7
2009-04-27,73
2009-04-28,75.1
2009-04-29,75.7
2009-04-30,75.5
2009-05-01,77.1
2009-05-02,77.5
2009-05-03,78.7
2009-05-04,73.8
2009-05-05,77.5
2009-05-06,79.8
2009-05-07,80.4
2009-05-08,80.9
2009-05-09,79.8
2009-05-10,80.9
2009-05-11,81.2
2009-05-12,80.6
2009-05-13,80.1
2009-05-14,79.8
2009-05-15,79.8
2009-05-16,78.3
2009-05-17,72.4
2009-05-18,69
2009-05-19,71.2
2009-05-20,73.5
2009-05-21,78.4
2009-05-22,77.1
2009-05-23,77
2009-05-24,74.4
2009-05-25,78.1
2009-05-26,78.6
2009-05-27,77.3
2009-05-28,79.2
2009-05-29,80.5
2009-05-30,79.8
2009-05-31,78
2009-06-01,77.1
2009-06-02,79.6
2009-06-03,77.5
2009-06-04,78
2009-06-05,78.1
2009-06-06,78.1
2009-06-07,78.8
2009-06-08,80.6
2009-06-09,82.8
2009-06-10,83.4
2009-06-11,84.5
2009-06-12,84.6
2009-06-13,84.2
2009-06-14,83.4
2009-06-15,83.8
2009-06-16,84.4
2009-06-17,84
2009-06-18,85
2009-06-19,84.4
2009-06-20,81.6
2009-06-21,85.1
2009-06-22,85.2
2009-06-23,85.4
2009-06-24,88.6
2009-06-25,87.1
2009-06-26,87.5
2009-06-27,86.8
2009-06-28,86.3
2009-06-29,85.7
2009-06-30,84.5
2009-07-01,86.1
2009-07-02,86.8
2009-07-03,86.8
2009-07-04,87.9
2009-07-05,86.8
2009-07-06,86.6
2009-07-07,79.9
2009-07-08,86.6
2009-07-09,86.5
2009-07-10,86.5
2009-07-11,86
2009-07-12,86.2
2009-07-13,86.4
2009-07-14,86.2
2009-07-15,86.1
2009-07-16,85.8
2009-07-17,84
2009-07-18,80.5
2009-07-19,83.5
2009-07-20,83.8
2009-07-21,84.8
2009-07-22,86
2009-07-23,82.4
2009-07-24,82.5
2009-07-25,84.2
2009-07-26,84.6
2009-07-27,84.3
2009-07-28,86.3
2009-07-29,86.2
2009-07-30,87.4
2009-07-31,83.7
2009-08-01,86.2
2009-08-02,84.9
2009-08-03,85.3
2009-08-04,85.6
2009-08-05,86.1
2009-08-06,86.5
2009-08-07,86.2
2009-08-08,85.8
2009-08-09,85
2009-08-10,84.4
2009-08-11,85.7
2009-08-12,81.3
2009-08-13,83
2009-08-14,85
2009-08-15,85
2009-08-16,85.1
2009-08-17,84.2
2009-08-18,82.6
2009-08-19,85.1
2009-08-20,86.5
2009-08-21,85.2
2009-08-22,84.9
2009-08-23,85.2
2009-08-24,85.2
2009-08-25,84.3
2009-08-26,83.5
2009-08-27,83.4
2009-08-28,81.4
2009-08-29,82.5
2009-08-30,84.7
2009-08-31,82
2009-09-01,80.1
2009-09-02,81
2009-09-03,81.9
2009-09-04,81.1
2009-09-05,83.1
2009-09-06,82
2009-09-07,82.8
2009-09-08,80.3
2009-09-09,78.2
2009-09-10,80
2009-09-11,78.7
2009-09-12,77.2
2009-09-13,79.6
2009-09-14,79.3
2009-09-15,77.3
2009-09-16,80
2009-09-17,77.7
2009-09-18,78
2009-09-19,79.3
2009-09-20,81.2
2009-09-21,80.8
2009-09-22,73
2009-09-23,72.5
2009-09-24,71
2009-09-25,75.3
2009-09-26,78.9
2009-09-27,81.1
2009-09-28,80.2
2009-09-29,76.2
2009-09-30,76.4
2009-10-01,81
2009-10-02,73
2009-10-03,75.9
2009-10-04,78.2
2009-10-05,81.1
2009-10-06,83.5
2009-10-07,83.6
2009-10-08,84.3
2009-10-09,74.2
2009-10-10,62.8
2009-10-11,63.8
2009-10-12,72.8
2009-10-13,77.5
2009-10-14,80.5
2009-10-15,81.4
2009-10-16,71.6
2009-10-17,66.6
2009-10-18,60.4
2009-10-19,65.8
2009-10-20,74.3
2009-10-21,75.7
2009-10-22,71.8
2009-10-23,60.7
2009-10-24,61.5
2009-10-25,72.3
2009-10-26,66.8
2009-10-27,59.4
2009-10-28,70.8
2009-10-29,75.2
2009-10-30,57.1
2009-10-31,59.6
2009-11-01,60.6
2009-11-02,63.5
2009-11-03,64.4
2009-11-04,64.7
2009-11-05,65.6
2009-11-06,64.7
2009-11-07,65.8
2009-11-08,70.9
2009-11-09,69.3
2009-11-10,69.7
2009-11-11,67.7
2009-11-12,63.2
2009-11-13,64.2
2009-11-14,70.5
2009-11-15,72.7
2009-11-16,60.6
2009-11-17,52.7
2009-11-18,55.1
2009-11-19,65.2
2009-11-20,63.7
2009-11-21,54.9
2009-11-22,56.2
2009-11-23,60
2009-11-24,62.2
2009-11-25,54.5
2009-11-26,53.3
2009-11-27,54.1
2009-11-28,64.8
2009-11-29,70
2009-11-30,54.5
2009-12-01,49.7
2009-12-02,48.6
2009-12-03,48.5
2009-12-04,36.8
2009-12-05,38.4
2009-12-06,54.7
2009-12-07,58.1
2009-12-08,65.3
2009-12-09,53.4
2009-12-10,42.7
2009-12-11,48.6
2009-12-12,53
2009-12-13,52.5
2009-12-14,62
2009-12-15,57.3
2009-12-16,50
2009-12-17,47.5
2009-12-18,54.1
2009-12-19,52.4
2009-12-20,47.3
2009-12-21,52.8
2009-12-22,64.5
2009-12-23,68.7
2009-12-24,54.5
2009-12-25,39.9
2009-12-26,46.4
2009-12-27,48.9
2009-12-28,44.2
2009-12-29,43.6
2009-12-30,48.4
2009-12-31,49.4
2010-01-01,47.1
2010-01-02,44.8
2010-01-03,45.1
2010-01-04,42.8
2010-01-05,38.2
2010-01-06,47.9
2010-01-07,47.7
2010-01-08,29.3
2010-01-09,31.3
2010-01-10,33.5
2010-01-11,40.5
2010-01-12,48
2010-01-13,46.9
2010-01-14,54
2010-01-15,53.7
2010-01-16,49.7
2010-01-17,49.6
2010-01-18,57.3
2010-01-19,66.5
2010-01-20,67.5
2010-01-21,65.2
2010-01-22,62.7
2010-01-23,67.2
2010-01-24,58.4
2010-01-25,53.8
2010-01-26,54.8
2010-01-27,58.6
2010-01-28,61.1
2010-01-29,54.6
2010-01-30,37.2
2010-01-31,37.6
2010-02-01,45.8
2010-02-02,51.9
2010-02-03,51
2010-02-04,51.8
2010-02-05,51
2010-02-06,51.8
2010-02-07,47.6
2010-02-08,58.3
2010-02-09,45.1
2010-02-10,41.6
2010-02-11,40.9
2010-02-12,38.4
2010-02-13,40.9
2010-02-14,51.8
2010-02-15,43
2010-02-16,45.1
2010-02-17,47.4
2010-02-18,48.6
2010-02-19,53.1
2010-02-20,55.8
2010-02-21,62.1
2010-02-22,51.7
2010-02-23,41.5
2010-02-24,43.5
2010-02-25,48.1
2010-02-26,55.9
2010-02-27,51.4
2010-02-28,53.4
2010-03-01,54.3
2010-03-02,49.8
2010-03-03,50.8
2010-03-04,53.1
2010-03-05,54.4
2010-03-06,56.3
2010-03-07,59.1
2010-03-08,61.3
2010-03-09,67.3
2010-03-10,67.4
2010-03-11,67.2
2010-03-12,60.4
2010-03-13,61
2010-03-14,62.8
2010-03-15,63.6
2010-03-16,58.2
2010-03-17,59
2010-03-18,58.5
2010-03-19,60.7
2010-03-20,52.6
2010-03-21,48.3
2010-03-22,54.7
2010-03-23,59.3
2010-03-24,62
2010-03-25,61.4
2010-03-26,58.2
2010-03-27,63.6
2010-03-28,63
2010-03-29,60.1
2010-03-30,62
2010-03-31,63.5
2010-04-01,67.3
2010-04-02,68.5
2010-04-03,70.2
2010-04-04,71
2010-04-05,70.9
2010-04-06,71.1
2010-04-07,71
2010-04-08,62
2010-04-09,60.6
2010-04-10,61.9
2010-04-11,64.6
2010-04-12,63.8
2010-04-13,69.1
2010-04-14,69.4
2010-04-15,69.8
2010-04-16,70.1
2010-04-17,69.2
2010-04-18,67.3
2010-04-19,64.5
2010-04-20,67.6
2010-04-21,69.3
2010-04-22,70.3
2010-04-23,75.7
2010-04-24,75
2010-04-25,72.5
2010-04-26,71.1
2010-04-27,69.5
2010-04-28,68.3
2010-04-29,71.5
2010-04-30,75.2
2010-05-01,77.4
2010-05-02,77
2010-05-03,76.6
2010-05-04,74.6
2010-05-05,75
2010-05-06,73.9
2010-05-07,76.9
2010-05-08,75.6
2010-05-09,74.1
2010-05-10,77.2
2010-05-11,78.8
2010-05-12,79.4
2010-05-13,78.7
2010-05-14,75.9
2010-05-15,71.6
2010-05-16,76.4
2010-05-17,78.6
2010-05-18,76.6
2010-05-19,78.8
2010-05-20,79.8
2010-05-21,80.9
2010-05-22,80.6
2010-05-23,81.1
2010-05-24,80.7
2010-05-25,80
2010-05-26,81.1
2010-05-27,81.8
2010-05-28,83.9
2010-05-29,82.8
2010-05-30,81.6
2010-05-31,82
2010-06-01,82
2010-06-02,79
2010-06-03,73.6
2010-06-04,77.3
2010-06-05,81.5
2010-06-06,82.9
2010-06-07,79.2
2010-06-08,75.7
2010-06-09,83.6
2010-06-10,83.5
2010-06-11,83.4
2010-06-12,84.5
2010-06-13,84.5
2010-06-14,83.8
2010-06-15,84.2
2010-06-16,84.6
2010-06-17,85.2
2010-06-18,84.9
2010-06-19,84.9
2010-06-20,85.6
2010-06-21,86.2
2010-06-22,86.3
2010-06-23,84.1
2010-06-24,82.3
2010-06-25,83.3
2010-06-26,84.9
2010-06-27,85.4
2010-06-28,82.9
2010-06-29,83.9
2010-06-30,78.4
2010-07-01,78.5
2010-07-02,78.8
2010-07-03,80.8
2010-07-04,83.9
2010-07-05,84.6
2010-07-06,84.8
2010-07-07,80.3
2010-07-08,78.6
2010-07-09,83.8
2010-07-10,83.9
2010-07-11,83.3
2010-07-12,84.5
2010-07-13,81.3
2010-07-14,84.9
2010-07-15,85.3
2010-07-16,85.8
2010-07-17,84.5
2010-07-18,83.5
2010-07-19,81.6
2010-07-20,83.7
2010-07-21,84.1
2010-07-22,82.9
2010-07-23,84.5
2010-07-24,83.2
2010-07-25,85.7
2010-07-26,80.9
2010-07-27,79
2010-07-28,80.5
2010-07-29,83.3
2010-07-30,84.8
2010-07-31,84.5
2010-08-01,85.4
2010-08-02,86.1
2010-08-03,86.5
2010-08-04,86.8
2010-08-05,85.8
2010-08-06,85.7
2010-08-07,85.1
2010-08-08,85.8
2010-08-09,86
2010-08-10,87.3
2010-08-11,87.9
2010-08-12,86
2010-08-13,85.4
2010-08-14,87.2
2010-08-15,88.4
2010-08-16,85.3
2010-08-17,86
2010-08-18,86.3
2010-08-19,83.7
2010-08-20,85.8
2010-08-21,86.9
2010-08-22,86.8
2010-08-23,84.9
2010-08-24,85.7
2010-08-25,86
2010-08-26,86.1
2010-08-27,84.3
2010-08-28,84.5
2010-08-29,84.7
2010-08-30,82.7
2010-08-31,82.2
2010-09-01,82.8
2010-09-02,83.8
2010-09-03,81
2010-09-04,81.1
2010-09-05,80.8
2010-09-06,79.5
2010-09-07,78.3
2010-09-08,83.5
2010-09-09,83.3
2010-09-10,84
2010-09-11,84.4
2010-09-12,84.6
2010-09-13,84
2010-09-14,83.6
2010-09-15,81.3
2010-09-16,81.1
2010-09-17,81.1
2010-09-18,78.9
2010-09-19,77.6
2010-09-20,78
2010-09-21,78
2010-09-22,79.9
2010-09-23,82.5
2010-09-24,81.3
2010-09-25,82
2010-09-26,78.8
2010-09-27,70.8
2010-09-28,71.2
2010-09-29,74.8
2010-09-30,76.5
2010-10-01,77.3
2010-10-02,72.9
2010-10-03,69.4
2010-10-04,64.6
2010-10-05,64.8
2010-10-06,66.3
2010-10-07,69
2010-10-08,70
2010-10-09,70.1
2010-10-10,71.4
2010-10-11,76
2010-10-12,75.6
2010-10-13,74.4
2010-10-14,71.7
2010-10-15,68.5
2010-10-16,69.5
2010-10-17,70.4
2010-10-18,73.9
2010-10-19,73.6
2010-10-20,75.2
2010-10-21,74.5
2010-10-22,76.4
2010-10-23,76.8
2010-10-24,78.3
2010-10-25,78.5
2010-10-26,81.1
2010-10-27,80.2
2010-10-28,74.5
2010-10-29,61.8
2010-10-30,62.4
2010-10-31,69.8
2010-11-01,75.9
2010-11-02,63.1
2010-11-03,56
2010-11-04,61.2
2010-11-05,55.7
2010-11-06,54.1
2010-11-07,54.8
2010-11-08,60.8
2010-11-09,65.9
2010-11-10,67.9
2010-11-11,68.6
2010-11-12,70.4
2010-11-13,56.8
2010-11-14,52.8
2010-11-15,58.9
2010-11-16,55.9
2010-11-17,64.4
2010-11-18,55.3
2010-11-19,55.3
2010-11-20,61.7
2010-11-21,70
2010-11-22,72.1
2010-11-23,73.3
2010-11-24,74.3
2010-11-25,70.7
2010-11-26,46.1
2010-11-27,46.5
2010-11-28,58.7
2010-11-29,71.7
2010-11-30,55
2010-12-01,47.7
2010-12-02,55.8
2010-12-03,60.5
2010-12-04,66.8
2010-12-05,52.6
2010-12-06,45.7
2010-12-07,50.1
2010-12-08,47.2
2010-12-09,49
2010-12-10,61.5
2010-12-11,66
2010-12-12,50.6
2010-12-13,45
2010-12-14,57.7
2010-12-15,66.4
2010-12-16,64.9
2010-12-17,55.3
2010-12-18,49.3
2010-12-19,48.6
2010-12-20,67.3
2010-12-21,72.5
2010-12-22,70.4
2010-12-23,61.1
2010-12-24,59.1
2010-12-25,45.1
2010-12-26,41.4
2010-12-27,46.6
2010-12-28,61.1
2010-12-29,60.9
2010-12-30,67.1
2010-12-31,70.9
2011-01-01,58.8
2011-01-02,47.9
2011-01-03,51.2
2011-01-04,61.2
2011-01-05,67.8
2011-01-06,56.8
2011-01-07,58.2
2011-01-08,57.1
2011-01-09,49.1
2011-01-10,44.1
2011-01-11,42.3
2011-01-12,39.8
2011-01-13,38.7
2011-01-14,48.4
2011-01-15,56.5
2011-01-16,60.3
2011-01-17,53.8
2011-01-18,57.8
2011-01-19,54.1
2011-01-20,53.9
2011-01-21,40
2011-01-22,44.8
2011-01-23,54.4
2011-01-24,53.5
2011-01-25,52.2
2011-01-26,49.2
2011-01-27,53.1
2011-01-28,58.6
2011-01-29,63.8
2011-01-30,64.7
2011-01-31,62.6
2011-02-01,48.9
2011-02-02,30.8
2011-02-03,33.5
2011-02-04,30.7
2011-02-05,42.9
2011-02-06,56.9
2011-02-07,50.1
2011-02-08,47.6
2011-02-09,39.8
2011-02-10,32.9
2011-02-11,40.5
2011-02-12,46.8
2011-02-13,52
2011-02-14,59.1
2011-02-15,63.4
2011-02-16,64.1
2011-02-17,67.1
2011-02-18,66.2
2011-02-19,66.6
2011-02-20,68.3
2011-02-21,71
2011-02-22,68.3
2011-02-23,71
2011-02-24,73
2011-02-25,66.6
2011-02-26,64.9
2011-02-27,74.1
2011-02-28,72.2
2011-03-01,61.9
2011-03-02,61.5
2011-03-03,62.1
2011-03-04,68.5
2011-03-05,63.6
2011-03-06,54.3
2011-03-07,60.5
2011-03-08,71.3
2011-03-09,68.3
2011-03-10,59
2011-03-11,59.3
2011-03-12,65.8
2011-03-13,68.6
2011-03-14,67
2011-03-15,59.4
2011-03-16,64.8
2011-03-17,70.9
2011-03-18,72.3
2011-03-19,69.9
2011-03-20,71.3
2011-03-21,70.7
2011-03-22,72.3
2011-03-23,74.8
2011-03-24,72.1
2011-03-25,73
2011-03-26,76.1
2011-03-27,75.8
2011-03-28,67
2011-03-29,72.5
2011-03-30,62.7
2011-03-31,68.6
2011-04-01,68
2011-04-02,74.4
2011-04-03,74.1
2011-04-04,73.8
2011-04-05,63.5
2011-04-06,65.2
2011-04-07,71.3
2011-04-08,76.3
2011-04-09,75
2011-04-10,76.7
2011-04-11,77
2011-04-12,69.5
2011-04-13,68.1
2011-04-14,74.6
2011-04-15,76
2011-04-16,69.4
2011-04-17,68.3
2011-04-18,77.4
2011-04-19,78.9
2011-04-20,78.6
2011-04-21,77.3
2011-04-22,78.6
2011-04-23,78
2011-04-24,77.7
2011-04-25,78.6
2011-04-26,79.6
2011-04-27,83
2011-04-28,70.2
2011-04-29,70.5
2011-04-30,78
2011-05-01,80
2011-05-02,69.2
2011-05-03,63.9
2011-05-04,64.9
2011-05-05,67.9
2011-05-06,70.8
2011-05-07,74.3
2011-05-08,77.3
2011-05-09,80.7
2011-05-10,79.9
2011-05-11,78.6
2011-05-12,75.2
2011-05-13,77.6
2011-05-14,72.3
2011-05-15,71
2011-05-16,75.5
2011-05-17,71.4
2011-05-18,74.3
2011-05-19,78.4
2011-05-20,82.1
2011-05-21,80.6
2011-05-22,79.6
2011-05-23,81.1
2011-05-24,81.5
2011-05-25,82.6
2011-05-26,84.4
2011-05-27,81.2
2011-05-28,82
2011-05-29,82.5
2011-05-30,82.9
2011-05-31,83.6
2011-06-01,83.7
2011-06-02,85.8
2011-06-03,84.3
2011-06-04,83.3
2011-06-05,87.8
2011-06-06,85.8
2011-06-07,81.5
2011-06-08,82.7
2011-06-09,83.5
2011-06-10,83.7
2011-06-11,83.2
2011-06-12,83.5
2011-06-13,84.4
2011-06-14,85.1
2011-06-15,85.2
2011-06-16,86.2
2011-06-17,86.5
2011-06-18,86.9
2011-06-19,86.8
2011-06-20,85.9
2011-06-21,86.3
2011-06-22,76.6
2011-06-23,81.4
2011-06-24,83
2011-06-25,84.2
2011-06-26,84.8
2011-06-27,85.5
2011-06-28,85.5
2011-06-29,86.2
2011-06-30,86.3
2011-07-01,85.2
2011-07-02,86.1
2011-07-03,85.5
2011-07-04,84.8
2011-07-05,85.5
2011-07-06,82.2
2011-07-07,84.4
2011-07-08,86
2011-07-09,85.8
2011-07-10,86.5
2011-07-11,85.8
2011-07-12,87
2011-07-13,86.3
2011-07-14,85.6
2011-07-15,84.4
2011-07-16,82.5
2011-07-17,85.7
2011-07-18,85
2011-07-19,81.4
2011-07-20,83.7
2011-07-21,85.3
2011-07-22,85.1
2011-07-23,86.6
2011-07-24,85.1
2011-07-25,86.2
2011-07-26,87
2011-07-27,86.8
2011-07-28,83.5
2011-07-29,82.6
2011-07-30,83.1
2011-07-31,85.7
2011-08-01,87
2011-08-02,87.9
2011-08-03,87.3
2011-08-04,86.9
2011-08-05,86.7
2011-08-06,86.7
2011-08-07,86.9
2011-08-08,87.7
2011-08-09,88.1
2011-08-10,87.5
2011-08-11,88.4
2011-08-12,87.6
2011-08-13,86.1
2011-08-14,87.3
2011-08-15,86.5
2011-08-16,87
2011-08-17,88
2011-08-18,89.5
2011-08-19,88.8
2011-08-20,87.5
2011-08-21,87.1
2011-08-22,87.3
2011-08-23,87.7
2011-08-24,87
2011-08-25,80.7
2011-08-26,86.9
2011-08-27,86.6
2011-08-28,89.8
2011-08-29,88.8
2011-08-30,87.6
2011-08-31,86.9
2011-09-01,88.1
2011-09-02,86.7
2011-09-03,83.3
2011-09-04,81.2
2011-09-05,84.4
2011-09-06,77.1
2011-09-07,76.7
2011-09-08,76.3
2011-09-09,77.9
2011-09-10,80.5
2011-09-11,82
2011-09-12,83.7
2011-09-13,82
2011-09-14,84.3
2011-09-15,83.4
2011-09-16,78.8
2011-09-17,81.6
2011-09-18,78.8
2011-09-19,75.1
2011-09-20,79.3
2011-09-21,80.7
2011-09-22,81.4
2011-09-23,80.7
2011-09-24,79.8
2011-09-25,83.6
2011-09-26,84.1
2011-09-27,84
2011-09-28,84.7
2011-09-29,79.7
2011-09-30,79.1
2011-10-01,72.9
2011-10-02,70.2
2011-10-03,70.3
2011-10-04,71.3
2011-10-05,72.6
2011-10-06,78.3
2011-10-07,79.7
2011-10-08,79.2
2011-10-09,72.5
2011-10-10,74.1
2011-10-11,76.2
2011-10-12,76
2011-10-13,77.5
2011-10-14,72.4
2011-10-15,72.8
2011-10-16,74.5
2011-10-17,74.7
2011-10-18,69.2
2011-10-19,63.1
2011-10-20,62.6
2011-10-21,71.8
2011-10-22,72.5
2011-10-23,74
2011-10-24,75.6
2011-10-25,75.3
2011-10-26,75.2
2011-10-27,74.3
2011-10-28,57.8
2011-10-29,55.7
2011-10-30,59.4
2011-10-31,62.4
2011-11-01,65.8
2011-11-02,72.8
2011-11-03,58.3
2011-11-04,52.9
2011-11-05,59.2
2011-11-06,71.7
2011-11-07,73.2
2011-11-08,75.7
2011-11-09,61.3
2011-11-10,56.7
2011-11-11,55.3
2011-11-12,66.7
2011-11-13,73.1
2011-11-14,73.8
2011-11-15,72.8
2011-11-16,71.4
2011-11-17,59.1
2011-11-18,59.5
2011-11-19,72.4
2011-11-20,76.3
2011-11-21,76.6
2011-11-22,69.3
2011-11-23,60.4
2011-11-24,56.4
2011-11-25,64
2011-11-26,64.2
2011-11-27,50.2
2011-11-28,43.5
2011-11-29,51.9
2011-11-30,52.6
2011-12-01,59.7
2011-12-02,63.4
2011-12-03,69.9
2011-12-04,66
2011-12-05,52.2
2011-12-06,41.7
2011-12-07,39.4
2011-12-08,45
2011-12-09,56.9
2011-12-10,53.6
2011-12-11,51.2
2011-12-12,55.5
2011-12-13,60.8
2011-12-14,68.5
2011-12-15,70.3
2011-12-16,59.8
2011-12-17,56.1
2011-12-18,55.8
2011-12-19,67.5
2011-12-20,63.5
2011-12-21,53.8
2011-12-22,53.9
2011-12-23,52.8
2011-12-24,46.7
2011-12-25,46.6
2011-12-26,47.2
2011-12-27,48.5
2011-12-28,51.6
2011-12-29,50.3
2011-12-30,57.4
2011-12-31,67.6
2012-01-01,64.2
2012-01-02,52.5
2012-01-03,46.2
2012-01-04,58.1
2012-01-05,64
2012-01-06,64.5
2012-01-07,64.1
2012-01-08,67.8
2012-01-09,65.9
2012-01-10,49.8
2012-01-11,56.8
2012-01-12,47
2012-01-13,43.2
2012-01-14,48.2
2012-01-15,56.3
2012-01-16,68.6
2012-01-17,69.3
2012-01-18,51.7
2012-01-19,62.8
2012-01-20,70.7
2012-01-21,69.1
2012-01-22,70.4
2012-01-23,64
2012-01-24,64.4
2012-01-25,65
2012-01-26,56
2012-01-27,54.8
2012-01-28,57.6
2012-01-29,51.5
2012-01-30,58.1
2012-01-31,66.9
2012-02-01,70.5
2012-02-02,67.7
2012-02-03,71.1
2012-02-04,62.6
2012-02-05,50.7
2012-02-06,52.1
2012-02-07,56.7
2012-02-08,55.8
2012-02-09,52.5
2012-02-10,54.4
2012-02-11,47.5
2012-02-12,41.3
2012-02-13,56.5
2012-02-14,55.8
2012-02-15,68.5
2012-02-16,61.9
2012-02-17,60.3
2012-02-18,59.8
2012-02-19,54.6
2012-02-20,59.1
2012-02-21,61.7
2012-02-22,70.3
2012-02-23,72.6
2012-02-24,63.4
2012-02-25,52.2
2012-02-26,56
2012-02-27,63.6
2012-02-28,67.6
2012-02-29,73.7
2012-03-01,73.1
2012-03-02,73.9
2012-03-03,63.1
2012-03-04,57.8
2012-03-05,60.7
2012-03-06,65.3
2012-03-07,71.1
2012-03-08,73.7
2012-03-09,53.2
2012-03-10,57
2012-03-11,66.2
2012-03-12,66.3
2012-03-13,72.5
2012-03-14,72.9
2012-03-15,73.3
2012-03-16,72.7
2012-03-17,73.4
2012-03-18,74.5
2012-03-19,74.8
2012-03-20,65.2
2012-03-21,62.8
2012-03-22,66.6
2012-03-23,67.8
2012-03-24,66.8
2012-03-25,69.3
2012-03-26,71.8
2012-03-27,70.5
2012-03-28,71
2012-03-29,70.5
2012-03-30,72.9
2012-03-31,73.3
2012-04-01,74.7
2012-04-02,73.5
2012-04-03,77
2012-04-04,73.2
2012-04-05,70.3
2012-04-06,72.5
2012-04-07,72.2
2012-04-08,73
2012-04-09,73.5
2012-04-10,73
2012-04-11,73.4
2012-04-12,73.3
2012-04-13,75
2012-04-14,77.4
2012-04-15,78.9
2012-04-16,68.2
2012-04-17,69.9
2012-04-18,69
2012-04-19,69.2
2012-04-20,67.8
2012-04-21,64.8
2012-04-22,71.7
2012-04-23,68.9
2012-04-24,68
2012-04-25,73.8
2012-04-26,75.3
2012-04-27,75.8
2012-04-28,76.7
2012-04-29,77.8
2012-04-30,77.8
2012-05-01,76.6
2012-05-02,78.3
2012-05-03,77.6
2012-05-04,78.8
2012-05-05,79.2
2012-05-06,78.5
2012-05-07,78.6
2012-05-08,75.4
2012-05-09,77
2012-05-10,76.5
2012-05-11,74.2
2012-05-12,71.7
2012-05-13,73.6
2012-05-14,74.1
2012-05-15,70.8
2012-05-16,74.2
2012-05-17,77.1
2012-05-18,76.7
2012-05-19,76.6
2012-05-20,78.3
2012-05-21,81
2012-05-22,81.2
2012-05-23,78.4
2012-05-24,80
2012-05-25,81.4
2012-05-26,80.6
2012-05-27,81
2012-05-28,81
2012-05-29,82.6
2012-05-30,82.3
2012-05-31,79.1
2012-06-01,80.7
2012-06-02,80.6
2012-06-03,81.9
2012-06-04,82.8
2012-06-05,83.2
2012-06-06,82.6
2012-06-07,80.9
2012-06-08,78.9
2012-06-09,80
2012-06-10,82.2
2012-06-11,84.9
2012-06-12,83
2012-06-13,80.6
2012-06-14,83.4
2012-06-15,83.9
2012-06-16,81.7
2012-06-17,82.9
2012-06-18,80.9
2012-06-19,78.9
2012-06-20,81.1
2012-06-21,82.5
2012-06-22,84.7
2012-06-23,85.5
2012-06-24,88.5
2012-06-25,91.5
2012-06-26,88.4
2012-06-27,89.3
2012-06-28,85.3
2012-06-29,82.9
2012-06-30,79.4
2012-07-01,77.8
2012-07-02,83.1
2012-07-03,82.7
2012-07-04,83.2
2012-07-05,83.8
2012-07-06,84
2012-07-07,84
2012-07-08,79.3
2012-07-09,78.3
2012-07-10,76
2012-07-11,76
2012-07-12,75.2
2012-07-13,76.3
2012-07-14,79.5
2012-07-15,79.6
2012-07-16,80.7
2012-07-17,81.4
2012-07-18,83.3
2012-07-19,83.5
2012-07-20,85.8
2012-07-21,84.9
2012-07-22,84.3
2012-07-23,81.7
2012-07-24,82.9
2012-07-25,83.2
2012-07-26,84.8
2012-07-27,84.3
2012-07-28,85.6
2012-07-29,85.3
2012-07-30,85.5
2012-07-31,86.2
2012-08-01,85.4
2012-08-02,85.4
2012-08-03,85.7
2012-08-04,85.1
2012-08-05,81.5
2012-08-06,84.6
2012-08-07,85.2
2012-08-08,83.5
2012-08-09,85.3
2012-08-10,86.3
2012-08-11,86.3
2012-08-12,85.1
2012-08-13,86.5
2012-08-14,85.9
2012-08-15,85.4
2012-08-16,86.1
2012-08-17,85.6
2012-08-18,82.1
2012-08-19,77.7
2012-08-20,83.9
2012-08-21,83.5
2012-08-22,82.9
2012-08-23,81.8
2012-08-24,80.3
2012-08-25,80.2
2012-08-26,82.2
2012-08-27,84.9
2012-08-28,88.3
2012-08-29,89.1
2012-08-30,88.3
2012-08-31,85.3
2012-09-01,80.2
2012-09-02,84.5
2012-09-03,84.5
2012-09-04,84.1
2012-09-05,84.6
2012-09-06,84.4
2012-09-07,83.8
2012-09-08,80.7
2012-09-09,77
2012-09-10,76.1
2012-09-11,77.3
2012-09-12,79.1
2012-09-13,77.9
2012-09-14,76.8
2012-09-15,75.6
2012-09-16,77.1
2012-09-17,72.7
2012-09-18,77.1
2012-09-19,75.3
2012-09-20,73.6
2012-09-21,74.6
2012-09-22,78.4
2012-09-23,77.6
2012-09-24,76.9
2012-09-25,78.3
2012-09-26,79.2
2012-09-27,79
2012-09-28,76.4
2012-09-29,72.5
2012-09-30,68.5
2012-10-01,69.8
2012-10-02,70.2
2012-10-03,70.4
2012-10-04,75
2012-10-05,75.4
2012-10-06,72.2
2012-10-07,60.4
2012-10-08,59.9
2012-10-09,70
2012-10-10,73.8
2012-10-11,77.3
2012-10-12,77
2012-10-13,76.8
2012-10-14,77.8
2012-10-15,72
2012-10-16,66.2
2012-10-17,73.3
2012-10-18,73.1
2012-10-19,67.7
2012-10-20,68.9
2012-10-21,74.5
2012-10-22,75.6
2012-10-23,74.8
2012-10-24,74.6
2012-10-25,77.4
2012-10-26,60.6
2012-10-27,56
2012-10-28,55.6
2012-10-29,55.7
2012-10-30,59.5
2012-10-31,68.4
2012-11-01,69.7
2012-11-02,72.2
2012-11-03,72.7
2012-11-04,70.1
2012-11-05,71.1
2012-11-06,64.8
2012-11-07,66
2012-11-08,68.6
2012-11-09,71.3
2012-11-10,73.6
2012-11-11,75.8
2012-11-12,60.5
2012-11-13,53.7
2012-11-14,54.8
2012-11-15,55.8
2012-11-16,56.8
2012-11-17,55.9
2012-11-18,57.6
2012-11-19,61.2
2012-11-20,62.1
2012-11-21,66.5
2012-11-22,62.2
2012-11-23,67.1
2012-11-24,55.6
2012-11-25,61.1
2012-11-26,69.5
2012-11-27,57.4
2012-11-28,54.3
2012-11-29,58
2012-11-30,68.1
2012-12-01,71.5
2012-12-02,69.7
2012-12-03,72.3
2012-12-04,70.3
2012-12-05,62.8
2012-12-06,63.3
2012-12-07,66.9
2012-12-08,70.9
2012-12-09,70
2012-12-10,53
2012-12-11,45.5
2012-12-12,47.3
2012-12-13,51.5
2012-12-14,63.6
2012-12-15,73.5
2012-12-16,66.9
2012-12-17,61.4
2012-12-18,63.8
2012-12-19,73.3
2012-12-20,56.7
2012-12-21,46.8
2012-12-22,55.1
2012-12-23,69.1
2012-12-24,68.2
2012-12-25,64.7
2012-12-26,40
2012-12-27,48.2
2012-12-28,56.6
2012-12-29,43
2012-12-30,44.8
2012-12-31,60.6
2013-01-01,55.9
2013-01-02,44.1
2013-01-03,47.3
2013-01-04,48
2013-01-05,45.9
2013-01-06,48.8
2013-01-07,49
2013-01-08,58.6
2013-01-09,64.3
2013-01-10,61
2013-01-11,61.2
2013-01-12,72.6
2013-01-13,52
2013-01-14,44.6
2013-01-15,39.8
2013-01-16,42.6
2013-01-17,47
2013-01-18,48.3
2013-01-19,52.5
2013-01-20,52.8
2013-01-21,55.6
2013-01-22,57.1
2013-01-23,58.7
2013-01-24,63.9
2013-01-25,65.3
2013-01-26,66
2013-01-27,68.8
2013-01-28,72.3
2013-01-29,72
2013-01-30,57.1
2013-01-31,52.1
2013-02-01,57.8
2013-02-02,61.8
2013-02-03,60.2
2013-02-04,65.4
2013-02-05,67.6
2013-02-06,63.9
2013-02-07,63.4
2013-02-08,61.9
2013-02-09,63.3
2013-02-10,67.9
2013-02-11,57.5
2013-02-12,60.5
2013-02-13,54
2013-02-14,52.2
2013-02-15,55.1
2013-02-16,50.8
2013-02-17,57.4
2013-02-18,67.5
2013-02-19,58.6
2013-02-20,63
2013-02-21,70.2
2013-02-22,61.8
2013-02-23,58.7
2013-02-24,59.4
2013-02-25,64.3
2013-02-26,54.5
2013-02-27,58.2
2013-02-28,50.9
2013-03-01,53
2013-03-02,49.5
2013-03-03,52.6
2013-03-04,67.2
2013-03-05,64.2
2013-03-06,54.4
2013-03-07,56.4
2013-03-08,62.9
2013-03-09,68.1
2013-03-10,64.3
2013-03-11,55
2013-03-12,54.9
2013-03-13,59.1
2013-03-14,59.7
2013-03-15,64
2013-03-16,67.5
2013-03-17,69.2
2013-03-18,74.5
2013-03-19,69.2
2013-03-20,65.2
2013-03-21,64.2
2013-03-22,73.2
2013-03-23,70.7
2013-03-24,59.9
2013-03-25,52.1
2013-03-26,52.8
2013-03-27,55.8
2013-03-28,64.7
2013-03-29,66.7
2013-03-30,70.1
2013-03-31,68.2
2013-04-01,67.8
2013-04-02,67.6
2013-04-03,61.7
2013-04-04,53.8
2013-04-05,58
2013-04-06,63.4
2013-04-07,69
2013-04-08,70.6
2013-04-09,74.3
2013-04-10,67.5
2013-04-11,53.6
2013-04-12,63.7
2013-04-13,64.7
2013-04-14,67.6
2013-04-15,73.5
2013-04-16,74.2
2013-04-17,74.4
2013-04-18,66.8
2013-04-19,56.7
2013-04-20,56.9
2013-04-21,63.6
2013-04-22,66.4
2013-04-23,70.2
2013-04-24,62
2013-04-25,65
2013-04-26,71.7
2013-04-27,69.8
2013-04-28,71.2
2013-04-29,71.2
2013-04-30,73.4
2013-05-01,74.4
2013-05-02,67.9
2013-05-03,57.2
2013-05-04,64.1
2013-05-05,64.4
2013-05-06,65.8
2013-05-07,71.1
2013-05-08,71.5
2013-05-09,73.9
2013-05-10,70
2013-05-11,71.7
2013-05-12,73.4
2013-05-13,69.5
2013-05-14,70.8
2013-05-15,72.1
2013-05-16,76.3
2013-05-17,78.3
2013-05-18,79
2013-05-19,79.2
2013-05-20,80.6
2013-05-21,80.4
2013-05-22,80.2
2013-05-23,79.9
2013-05-24,80.3
2013-05-25,78.9
2013-05-26,80.3
2013-05-27,79.1
2013-05-28,79.5
2013-05-29,80.2
2013-05-30,81.9
2013-05-31,83.2
2013-06-01,83.3
2013-06-02,76.8
2013-06-03,80.6
2013-06-04,81.1
2013-06-05,82.6
2013-06-06,82.4
2013-06-07,79.6
2013-06-08,79.5
2013-06-09,77.5
2013-06-10,80.7
2013-06-11,83.2
2013-06-12,83.7
2013-06-13,84.5
2013-06-14,85
2013-06-15,85.3
2013-06-16,85
2013-06-17,85.2
2013-06-18,82.8
2013-06-19,84.1
2013-06-20,85.2
2013-06-21,84.6
2013-06-22,84.5
2013-06-23,84.7
2013-06-24,84.9
2013-06-25,85.5
2013-06-26,86
2013-06-27,85.9
2013-06-28,86.8
2013-06-29,90
2013-06-30,91
2013-07-01,84.5
2013-07-02,83.6
2013-07-03,83.3
2013-07-04,84
2013-07-05,85.1
2013-07-06,85.3
2013-07-07,83.2
2013-07-08,82.6
2013-07-09,86
2013-07-10,86
2013-07-11,85.3
2013-07-12,86.5
2013-07-13,85.3
2013-07-14,84.4
2013-07-15,81
2013-07-16,79.5
2013-07-17,77.3
2013-07-18,84.1
2013-07-19,80.6
2013-07-20,80.3
2013-07-21,79.8
2013-07-22,85.5
2013-07-23,84.8
2013-07-24,85
2013-07-25,85.3
2013-07-26,85.1
2013-07-27,83.8
2013-07-28,84.4
2013-07-29,84.8
2013-07-30,84.2
2013-07-31,85.6
2013-08-01,85.9
2013-08-02,85.4
2013-08-03,85.6
2013-08-04,86.3
2013-08-05,86.5
2013-08-06,86.4
2013-08-07,86.6
2013-08-08,85.2
2013-08-09,85.6
2013-08-10,82.4
2013-08-11,84.5
2013-08-12,84.8
2013-08-13,86.8
2013-08-14,82.2
2013-08-15,79.6
2013-08-16,80.5
2013-08-17,82.1
2013-08-18,81.3
2013-08-19,82.4
2013-08-20,80.1
2013-08-21,83.4
2013-08-22,84.2
2013-08-23,84.7
2013-08-24,85.5
2013-08-25,80.1
2013-08-26,77.9
2013-08-27,82.3
2013-08-28,83.9
2013-08-29,85
2013-08-30,84.2
2013-08-31,83.9
2013-09-01,83.8
2013-09-02,83
2013-09-03,85.1
2013-09-04,84.2
2013-09-05,84.8
2013-09-06,83.7
2013-09-07,81.1
2013-09-08,80.4
2013-09-09,82
2013-09-10,81.4
2013-09-11,82.6
2013-09-12,83.5
2013-09-13,84
2013-09-14,83.4
2013-09-15,83.5
2013-09-16,84
2013-09-17,84.3
2013-09-18,83.5
2013-09-19,81.5
2013-09-20,78.6
2013-09-21,73.9
2013-09-22,76.5
2013-09-23,79.3
2013-09-24,83.6
2013-09-25,81.6
2013-09-26,80
2013-09-27,80.8
2013-09-28,81.4
2013-09-29,79.5
2013-09-30,78.9
2013-10-01,78.9
2013-10-02,78.2
2013-10-03,79.5
2013-10-04,80.3
2013-10-05,82.2
2013-10-06,68.4
2013-10-07,68
2013-10-08,68.1
2013-10-09,70.6
2013-10-10,74.3
2013-10-11,78
2013-10-12,76.8
2013-10-13,74.4
2013-10-14,77.3
2013-10-15,77.6
2013-10-16,71.1
2013-10-17,67.1
2013-10-18,66.8
2013-10-19,63.9
2013-10-20,62.8
2013-10-21,70
2013-10-22,67
2013-10-23,65.6
2013-10-24,68.2
2013-10-25,65.4
2013-10-26,67.9
2013-10-27,66.1
2013-10-28,72
2013-10-29,75.1
2013-10-30,77.4
2013-10-31,71.4
2013-11-01,66.9
2013-11-02,64.3
2013-11-03,58.6
2013-11-04,66.7
2013-11-05,74.6
2013-11-06,70.3
2013-11-07,56.9
2013-11-08,57.6
2013-11-09,62.1
2013-11-10,63.3
2013-11-11,64.3
2013-11-12,59.5
2013-11-13,46.4
2013-11-14,51.3
2013-11-15,65.4
2013-11-16,71
2013-11-17,77
2013-11-18,72.8
2013-11-19,62
2013-11-20,63.8
2013-11-21,74.8
2013-11-22,58.6
2013-11-23,47.1
2013-11-24,46.6
2013-11-25,41.8
2013-11-26,41.5
2013-11-27,42.3
2013-11-28,43.7
2013-11-29,48.1
2013-11-30,55.5
2013-12-01,61
2013-12-02,66.4
2013-12-03,68
2013-12-04,70.7
2013-12-05,62.7
2013-12-06,39.8
2013-12-07,37
2013-12-08,43.7
2013-12-09,46.2
2013-12-10,41.1
2013-12-11,46.2
2013-12-12,47
2013-12-13,52.7
2013-12-14,52
2013-12-15,44.4
2013-12-16,46.5
2013-12-17,51.6
2013-12-18,52.8
2013-12-19,66.8
2013-12-20,71.8
2013-12-21,68.9
2013-12-22,54.5
2013-12-23,43
2013-12-24,43.3
2013-12-25,50.4
2013-12-26,54.8
2013-12-27,52.9
2013-12-28,51
2013-12-29,52.9
2013-12-30,44.4
2013-12-31,45.4
2014-01-01,56.8
2014-01-02,49.9
2014-01-03,41.6
2014-01-04,57.1
2014-01-05,54.3
2014-01-06,32.1
2014-01-07,36
2014-01-08,52.6
2014-01-09,60.8
2014-01-10,64.3
2014-01-11,62.5
2014-01-12,58.4
2014-01-13,65.3
2014-01-14,54.7
2014-01-15,50.9
2014-01-16,54.8
2014-01-17,54.7
2014-01-18,52.2
2014-01-19,55.7
2014-01-20,57.9
2014-01-21,56.2
2014-01-22,52.5
2014-01-23,48.9
2014-01-24,32.1
2014-01-25,43.7
2014-01-26,57.5
2014-01-27,57.4
2014-01-28,34.8
2014-01-29,34.3
2014-01-30,47.8
2014-01-31,64.6
2014-02-01,67.6
2014-02-02,54.1
2014-02-03,45.5
2014-02-04,47.8
2014-02-05,44.3
2014-02-06,37.2
2014-02-07,38
2014-02-08,47.3
2014-02-09,54.7
2014-02-10,52.1
2014-02-11,37.9
2014-02-12,41.2
2014-02-13,46.7
2014-02-14,59.4
2014-02-15,56.5
2014-02-16,64.8
2014-02-17,70.6
2014-02-18,67.9
2014-02-19,68.3
2014-02-20,70.7
2014-02-21,56.2
2014-02-22,59.8
2014-02-23,68.2
2014-02-24,64.4
2014-02-25,67.1
2014-02-26,48.6
2014-02-27,44.8
2014-02-28,60
2014-03-01,69.6
2014-03-02,63.6
2014-03-03,34.9
2014-03-04,35.4
2014-03-05,46.1
2014-03-06,52.5
2014-03-07,53.8
2014-03-08,61
2014-03-09,53.1
2014-03-10,59.1
2014-03-11,64
2014-03-12,61.5
2014-03-13,55.3
2014-03-14,62.3
2014-03-15,66.7
2014-03-16,63.2
2014-03-17,51.2
2014-03-18,61.2
2014-03-19,66.6
2014-03-20,65
2014-03-21,64.6
2014-03-22,70.8
2014-03-23,62.5
2014-03-24,55.6
2014-03-25,59.2
2014-03-26,58.7
2014-03-27,68
2014-03-28,73.1
2014-03-29,64.3
2014-03-30,62.3
2014-03-31,65.2
2014-04-01,71.7
2014-04-02,73.4
2014-04-03,72.7
2014-04-04,70.3
2014-04-05,65.2
2014-04-06,60.8
2014-04-07,61.5
2014-04-08,64
2014-04-09,63.7
2014-04-10,68.2
2014-04-11,69.2
2014-04-12,70.4
2014-04-13,73.3
2014-04-14,60.7
2014-04-15,52.8
2014-04-16,57.1
2014-04-17,63.6
2014-04-18,67.9
2014-04-19,67.8
2014-04-20,66.1
2014-04-21,69.4
2014-04-22,72.2
2014-04-23,69.5
2014-04-24,74
2014-04-25,74.6
2014-04-26,74
2014-04-27,77.6
2014-04-28,80.8
2014-04-29,75.8
2014-04-30,67.3
2014-05-01,63.7
2014-05-02,67
2014-05-03,71.6
2014-05-04,71.6
2014-05-05,71
2014-05-06,73
2014-05-07,76
2014-05-08,75.5
2014-05-09,76.3
2014-05-10,76.3
2014-05-11,78.5
2014-05-12,78.4
2014-05-13,68.6
2014-05-14,63.9
2014-05-15,65.4
2014-05-16,71
2014-05-17,72.1
2014-05-18,73.5
2014-05-19,74.7
2014-05-20,75.5
2014-05-21,76.9
2014-05-22,77
2014-05-23,76.3
2014-05-24,77.6
2014-05-25,77.9
2014-05-26,74.7
2014-05-27,71.7
2014-05-28,74.2
2014-05-29,77.5
2014-05-30,79.5
2014-05-31,78.7
2014-06-01,79.3
2014-06-02,80.1
2014-06-03,79.6
2014-06-04,79.7
2014-06-05,81.2
2014-06-06,81.7
2014-06-07,82
2014-06-08,82.1
2014-06-09,79.4
2014-06-10,82.4
2014-06-11,80.9
2014-06-12,84
2014-06-13,82.3
2014-06-14,81.3
2014-06-15,82.8
2014-06-16,83.1
2014-06-17,83.5
2014-06-18,82
2014-06-19,83.1
2014-06-20,82.5
2014-06-21,80.9
2014-06-22,82.8
2014-06-23,80.4
2014-06-24,77.1
2014-06-25,75.5
2014-06-26,76.5
2014-06-27,82
2014-06-28,82.4
2014-06-29,83.7
2014-06-30,82.7
2014-07-01,83.4
2014-07-02,83
2014-07-03,82.3
2014-07-04,80
2014-07-05,79.1
2014-07-06,81.5
2014-07-07,83.3
2014-07-08,83.8
2014-07-09,83.6
2014-07-10,83
2014-07-11,84
2014-07-12,84
2014-07-13,83.8
2014-07-14,84
2014-07-15,81.7
2014-07-16,80.4
2014-07-17,81.2
2014-07-18,81.5
2014-07-19,79.7
2014-07-20,82.3
2014-07-21,85.4
2014-07-22,83.8
2014-07-23,83.7
2014-07-24,81.7
2014-07-25,83.2
2014-07-26,84.6
2014-07-27,85.1
2014-07-28,85.5
2014-07-29,82.2
2014-07-30,83.3
2014-07-31,84
2014-08-01,79.9
2014-08-02,77
2014-08-03,80
2014-08-04,81.8
2014-08-05,83.9
2014-08-06,84.2
2014-08-07,84.7
2014-08-08,85.8
2014-08-09,83.2
2014-08-10,85.2
2014-08-11,84.5
2014-08-12,79.6
2014-08-13,88.5
2014-08-14,84.1
2014-08-15,84.9
2014-08-16,86.7
2014-08-17,86.4
2014-08-18,84.2
2014-08-19,84.5
2014-08-20,82.3
2014-08-21,85.5
2014-08-22,84.8
2014-08-23,85
2014-08-24,85.5
2014-08-25,85.9
2014-08-26,83.8
2014-08-27,83.6
2014-08-28,80.8
2014-08-29,81.6
2014-08-30,80.4
2014-08-31,77.8
2014-09-01,83.6
2014-09-02,84.7
2014-09-03,84.3
2014-09-04,85.3
2014-09-05,83.5
2014-09-06,83.3
2014-09-07,79.1
2014-09-08,81.3
2014-09-09,83
2014-09-10,84.4
2014-09-11,84.9
2014-09-12,80
2014-09-13,74.3
2014-09-14,72
2014-09-15,79.7
2014-09-16,79.3
2014-09-17,78.5
2014-09-18,76.1
2014-09-19,76.5
2014-09-20,80.4
2014-09-21,81.8
2014-09-22,81.9
2014-09-23,75.2
2014-09-24,75.3
2014-09-25,74.5
2014-09-26,76.8
2014-09-27,77.3
2014-09-28,78.1
2014-09-29,78.8
2014-09-30,79
2014-10-01,81.4
2014-10-02,84
2014-10-03,74.7
2014-10-04,67.4
2014-10-05,71.1
2014-10-06,72.9
2014-10-07,77
2014-10-08,80.3
2014-10-09,79.6
2014-10-10,80.9
2014-10-11,75.7
2014-10-12,74.8
2014-10-13,73.4
2014-10-14,66
2014-10-15,67.9
2014-10-16,71.5
2014-10-17,67.6
2014-10-18,74.1
2014-10-19,72
2014-10-20,72
2014-10-21,70.8
2014-10-22,71.4
2014-10-23,68.8
2014-10-24,67.8
2014-10-25,69.5
2014-10-26,70
2014-10-27,72.9
2014-10-28,75
2014-10-29,73.3
2014-10-30,68.6
2014-10-31,68.3
2014-11-01,55.8
2014-11-02,59.5
2014-11-03,71
2014-11-04,73.8
2014-11-05,70.7
2014-11-06,64.2
2014-11-07,58.3
2014-11-08,62.3
2014-11-09,59.5
2014-11-10,66.3
2014-11-11,62
2014-11-12,50.1
2014-11-13,40.8
2014-11-14,42.1
2014-11-15,50
2014-11-16,55.7
2014-11-17,42.9
2014-11-18,42.9
2014-11-19,54
2014-11-20,62.6
2014-11-21,64.1
2014-11-22,64.7
2014-11-23,66.7
2014-11-24,58
2014-11-25,53.7
2014-11-26,57
2014-11-27,54.5
2014-11-28,58
2014-11-29,67
2014-11-30,69.4
2014-12-01,60.4
2014-12-02,50.7
2014-12-03,59.5
2014-12-04,63.6
2014-12-05,71.1
2014-12-06,67.2
2014-12-07,57.8
2014-12-08,56.7
2014-12-09,56.5
2014-12-10,56.4
2014-12-11,64
2014-12-12,65.1
2014-12-13,65.1
2014-12-14,68.5
2014-12-15,70.4
2014-12-16,58.2
2014-12-17,57.1
2014-12-18,64.8
2014-12-19,58.4
2014-12-20,52.8
2014-12-21,55
2014-12-22,61.9
2014-12-23,55.7
2014-12-24,47.3
2014-12-25,51.9
2014-12-26,67.4
2014-12-27,62.9
2014-12-28,43.4
2014-12-29,45.4
2014-12-30,49
2014-12-31,43.9
2015-01-01,44.7
2015-01-02,52.4
2015-01-03,48.9
2015-01-04,46.3
2015-01-05,39.9
2015-01-06,48.8
2015-01-07,51
2015-01-08,36.8
2015-01-09,39.2
2015-01-10,39
2015-01-11,46.2
2015-01-12,46.3
2015-01-13,45
2015-01-14,43.1
2015-01-15,44.7
2015-01-16,46.8
2015-01-17,54.1
2015-01-18,54.7
2015-01-19,54.9
2015-01-20,58.3
2015-01-21,59.8
2015-01-22,52.9
2015-01-23,43.4
2015-01-24,47.8
2015-01-25,55.8
2015-01-26,56.8
2015-01-27,61.5
2015-01-28,61.6
2015-01-29,59.7
2015-01-30,56.3
2015-01-31,56.7
2015-02-01,66.5
2015-02-02,45
2015-02-03,45.4
2015-02-04,51.7
2015-02-05,49.6
2015-02-06,47.1
2015-02-07,56.5
2015-02-08,63.9
2015-02-09,67.1
2015-02-10,60.4
2015-02-11,58.8
2015-02-12,57.3
2015-02-13,53.7
2015-02-14,62.1
2015-02-15,62.7
2015-02-16,53.7
2015-02-17,42.3
2015-02-18,48.6
2015-02-19,52.8
2015-02-20,65.7
2015-02-21,68.4
2015-02-22,67.8
2015-02-23,40.1
2015-02-24,38.3
2015-02-25,42.3
2015-02-26,42.2
2015-02-27,42
2015-02-28,49.9
2015-03-01,60.1
2015-03-02,55.9
2015-03-03,67.1
2015-03-04,69.6
2015-03-05,42
2015-03-06,43.5
2015-03-07,51.9
2015-03-08,51.1
2015-03-09,60.4
2015-03-10,56.5
2015-03-11,56.4
2015-03-12,58.4
2015-03-13,60.2
2015-03-14,64
2015-03-15,63.7
2015-03-16,66.9
2015-03-17,68
2015-03-18,67.7
2015-03-19,71.5
2015-03-20,72.9
2015-03-21,65.5
2015-03-22,67.2
2015-03-23,66
2015-03-24,65.5
2015-03-25,66.2
2015-03-26,65.1
2015-03-27,63.4
2015-03-28,67.3
2015-03-29,68.8
2015-03-30,70.3
2015-03-31,70
2015-04-01,71.9
2015-04-02,74.3
2015-04-03,76
2015-04-04,69.3
2015-04-05,66.8
2015-04-06,73.4
2015-04-07,74.6
2015-04-08,75.7
2015-04-09,77.5
2015-04-10,69.7
2015-04-11,70.6
2015-04-12,72.6
2015-04-13,75.2
2015-04-14,71.1
2015-04-15,70.3
2015-04-16,72.6
2015-04-17,71.5
2015-04-18,71.6
2015-04-19,71.7
2015-04-20,67.2
2015-04-21,69.4
2015-04-22,74.5
2015-04-23,77.9
2015-04-24,77.5
2015-04-25,74.1
2015-04-26,74.9
2015-04-27,73.2
2015-04-28,66.8
2015-04-29,64.1
2015-04-30,69.1
2015-05-01,70.2
2015-05-02,70.6
2015-05-03,71.7
2015-05-04,73.8
2015-05-05,76.1
2015-05-06,77.7
2015-05-07,78.6
2015-05-08,79.7
2015-05-09,80.1
2015-05-10,79.9
2015-05-11,76.4
2015-05-12,73.5
2015-05-13,76.2
2015-05-14,77.8
2015-05-15,77.6
2015-05-16,80
2015-05-17,79.1
2015-05-18,79.8
2015-05-19,80.3
2015-05-20,79.8
2015-05-21,77
2015-05-22,72.9
2015-05-23,79.9
2015-05-24,75.5
2015-05-25,76.5
2015-05-26,75.2
2015-05-27,76.1
2015-05-28,80.1
2015-05-29,78
2015-05-30,77.6
2015-05-31,77.7
2015-06-01,79.3
2015-06-02,79.9
2015-06-03,80.1
2015-06-04,80.6
2015-06-05,82.2
2015-06-06,82.7
2015-06-07,82.3
2015-06-08,82.1
2015-06-09,81.4
2015-06-10,82.9
2015-06-11,82.8
2015-06-12,83.6
2015-06-13,78.2
2015-06-14,82.4
2015-06-15,81.8
2015-06-16,77.9
2015-06-17,78.8
2015-06-18,82.3
2015-06-19,82.5
2015-06-20,83.9
2015-06-21,84
2015-06-22,82.5
2015-06-23,83.1
2015-06-24,83.3
2015-06-25,83.4
2015-06-26,85.3
2015-06-27,84.8
2015-06-28,80.1
2015-06-29,82.9
2015-06-30,79.3
2015-07-01,76
2015-07-02,80.7
2015-07-03,82.4
2015-07-04,83.1
2015-07-05,84.2
2015-07-06,84.2
2015-07-07,84.5
2015-07-08,84.7
2015-07-09,84.2
2015-07-10,84
2015-07-11,84.8
2015-07-12,85
2015-07-13,84.4
2015-07-14,84
2015-07-15,84.3
2015-07-16,85
2015-07-17,85.1
2015-07-18,86.2
2015-07-19,85
2015-07-20,84.9
2015-07-21,85.4
2015-07-22,85.4
2015-07-23,85.8
2015-07-24,85.8
2015-07-25,85.1
2015-07-26,86.1
2015-07-27,86.4
2015-07-28,86.7
2015-07-29,86.8
2015-07-30,88.7
2015-07-31,89.1
2015-08-01,87
2015-08-02,86.5
2015-08-03,85.7
2015-08-04,85.6
2015-08-05,87.3
2015-08-06,86.3
2015-08-07,86.4
2015-08-08,86.6
2015-08-09,86.5
2015-08-10,87.2
2015-08-11,90.1
2015-08-12,89.2
2015-08-13,85.6
2015-08-14,87.1
2015-08-15,84.7
2015-08-16,83.1
2015-08-17,82.4
2015-08-18,86
2015-08-19,79.8
2015-08-20,76.4
2015-08-21,79.2
2015-08-22,83.1
2015-08-23,85.2
2015-08-24,85.7
2015-08-25,79.6
2015-08-26,80.1
2015-08-27,80.7
2015-08-28,80.6
2015-08-29,79.8
2015-08-30,80
2015-08-31,79
2015-09-01,76.5
2015-09-02,78.4
2015-09-03,82.2
2015-09-04,81.2
2015-09-05,81.3
2015-09-06,84.5
2015-09-07,83.8
2015-09-08,82.6
2015-09-09,81.1
2015-09-10,78.1
2015-09-11,76
2015-09-12,78.3
2015-09-13,73.4
2015-09-14,75.4
2015-09-15,82
2015-09-16,81.1
2015-09-17,81.5
2015-09-18,80.6
2015-09-19,79.9
2015-09-20,80.5
2015-09-21,81.2
2015-09-22,81.5
2015-09-23,79.6
2015-09-24,79.8
2015-09-25,82.4
2015-09-26,79.2
2015-09-27,73.9
2015-09-28,74
2015-09-29,77.6
2015-09-30,80.5
2015-10-01,78.9
2015-10-02,74.1
2015-10-03,70.7
2015-10-04,70.6
2015-10-05,72.6
2015-10-06,77.1
2015-10-07,78.2
2015-10-08,78.3
2015-10-09,78.5
2015-10-10,77.9
2015-10-11,75.2
2015-10-12,79.6
2015-10-13,80.8
2015-10-14,75
2015-10-15,75
2015-10-16,75.6
2015-10-17,72.4
2015-10-18,68.5
2015-10-19,67.9
2015-10-20,72.6
2015-10-21,76
2015-10-22,78.6
2015-10-23,79.8
2015-10-24,75.3
2015-10-25,65.8
2015-10-26,67.4
2015-10-27,69.8
2015-10-28,72.5
2015-10-29,69
2015-10-30,75
2015-10-31,73.9
2015-11-01,68.2
2015-11-02,66.8
2015-11-03,67.8
2015-11-04,71.9
2015-11-05,77.1
2015-11-06,76.3
2015-11-07,68.2
2015-11-08,62
2015-11-09,64.4
2015-11-10,69.8
2015-11-11,77
2015-11-12,67.3
2015-11-13,63
2015-11-14,62
2015-11-15,63.8
2015-11-16,73.9
2015-11-17,63.2
2015-11-18,60.7
2015-11-19,64.6
2015-11-20,64.6
2015-11-21,64.3
2015-11-22,46.9
2015-11-23,49.1
2015-11-24,59.4
2015-11-25,69.1
2015-11-26,71.7
2015-11-27,73.9
2015-11-28,55
2015-11-29,52
2015-11-30,57.5
2015-12-01,56.5
2015-12-02,55.5
2015-12-03,51.9
2015-12-04,51.1
2015-12-05,52
2015-12-06,56.9
2015-12-07,58.6
2015-12-08,57.7
2015-12-09,59.3
2015-12-10,67.6
2015-12-11,74.3
2015-12-12,74.3
2015-12-13,59
2015-12-14,59.5
2015-12-15,67.2
2015-12-16,65.6
2015-12-17,54.5
2015-12-18,51.2
2015-12-19,53.2
2015-12-20,63.8
2015-12-21,71.2
2015-12-22,66.8
2015-12-23,73.9
2015-12-24,72.1
2015-12-25,77.6
2015-12-26,76.6
2015-12-27,65.6
2015-12-28,44.7
2015-12-29,48.5
2015-12-30,53.6
2015-12-31,53
2016-01-01,48.5
2016-01-02,48.2
2016-01-03,51.5
2016-01-04,50
2016-01-05,46.6
2016-01-06,56.2
2016-01-07,61.6
2016-01-08,60.2
2016-01-09,55.2
2016-01-10,44.2
2016-01-11,45.4
2016-01-12,49.7
2016-01-13,52
2016-01-14,57.5
2016-01-15,60.1
2016-01-16,51.4
2016-01-17,47.4
2016-01-18,49.5
2016-01-19,58.3
2016-01-20,60.3
2016-01-21,62
2016-01-22,46.7
2016-01-23,45.2
2016-01-24,54.6
2016-01-25,65
2016-01-26,55.7
2016-01-27,50.3
2016-01-28,50.4
2016-01-29,57.1
2016-01-30,62.7
2016-01-31,68.1
2016-02-01,69.9
2016-02-02,67.8
2016-02-03,54.6
2016-02-04,48.8
2016-02-05,48.5
2016-02-06,51.1
2016-02-07,50.9
2016-02-08,54.5
2016-02-09,52.7
2016-02-10,54.8
2016-02-11,68.1
2016-02-12,61.6
2016-02-13,61
2016-02-14,64.9
2016-02-15,67
2016-02-16,63.9
2016-02-17,60.6
2016-02-18,63.3
2016-02-19,68.9
2016-02-20,67.7
2016-02-21,68.8
2016-02-22,66.4
2016-02-23,62.8
2016-02-24,54.3
2016-02-25,57.5
2016-02-26,53.1
2016-02-27,55.7
2016-02-28,62.5
2016-02-29,68.6
2016-03-01,69.6
2016-03-02,63.8
2016-03-03,72.8
2016-03-04,63.2
2016-03-05,62.3
2016-03-06,62.3
2016-03-07,68.7
2016-03-08,71.7
2016-03-09,69.4
2016-03-10,68.5
2016-03-11,67.8
2016-03-12,67.9
2016-03-13,70.2
2016-03-14,71.6
2016-03-15,74
2016-03-16,72.5
2016-03-17,74.2
2016-03-18,72.6
2016-03-19,63.1
2016-03-20,55.5
2016-03-21,53.3
2016-03-22,61.6
2016-03-23,70.8
2016-03-24,63.7
2016-03-25,59.3
2016-03-26,63.3
2016-03-27,70.4
2016-03-28,65.4
2016-03-29,68.6
2016-03-30,73
2016-03-31,76.6
2016-04-01,66
2016-04-02,63
2016-04-03,62
2016-04-04,66.3
2016-04-05,67.2
2016-04-06,68
2016-04-07,68.2
2016-04-08,69.1
2016-04-09,68.1
2016-04-10,71.3
2016-04-11,74.6
2016-04-12,75.1
2016-04-13,68.5
2016-04-14,69.7
2016-04-15,69.6
2016-04-16,72.6
2016-04-17,73.8
2016-04-18,68.1
2016-04-19,74.1
2016-04-20,72.3
2016-04-21,70.9
2016-04-22,73.3
2016-04-23,71.9
2016-04-24,69.9
2016-04-25,75.3
2016-04-26,77.3
2016-04-27,74.1
2016-04-28,77.7
2016-04-29,78.6
2016-04-30,77.7
2016-05-01,77.6
2016-05-02,70.5
2016-05-03,68.6
2016-05-04,71.5
2016-05-05,75.1
2016-05-06,72.8
2016-05-07,72.3
2016-05-08,72.6
2016-05-09,76.8
2016-05-10,78.7
2016-05-11,78.1
2016-05-12,79.5
2016-05-13,78.3
2016-05-14,74.8
2016-05-15,74
2016-05-16,71.5
2016-05-17,76.1
2016-05-18,77.6
2016-05-19,69.2
2016-05-20,75.3
2016-05-21,75.6
2016-05-22,78.5
2016-05-23,78.6
2016-05-24,81.7
2016-05-25,82.8
2016-05-26,80.6
2016-05-27,73.9
2016-05-28,78.5
2016-05-29,80.8
2016-05-30,78.4
2016-05-31,79.5
2016-06-01,78.5
2016-06-02,73.5
2016-06-03,75.4
2016-06-04,73.5
2016-06-05,75.2
2016-06-06,78.7
2016-06-07,82.2
2016-06-08,82.7
2016-06-09,82.8
2016-06-10,82.8
2016-06-11,83.9
2016-06-12,75.7
2016-06-13,84.4
2016-06-14,84.7
2016-06-15,85.8
2016-06-16,85.4
2016-06-17,85
2016-06-18,81.6
2016-06-19,81.8
2016-06-20,83
2016-06-21,82.5
2016-06-22,82.8
2016-06-23,83.3
2016-06-24,83.3
2016-06-25,84.1
2016-06-26,84.7
2016-06-27,84.3
2016-06-28,80.5
2016-06-29,83.3
2016-06-30,85.2
2016-07-01,84.8
2016-07-02,85.8
2016-07-03,86
2016-07-04,86.6
2016-07-05,86.3
2016-07-06,86.5
2016-07-07,86.1
2016-07-08,86.3
2016-07-09,86
2016-07-10,85.7
2016-07-11,85.6
2016-07-12,86.2
2016-07-13,87.1
2016-07-14,86.3
2016-07-15,86.8
2016-07-16,85.8
2016-07-17,85.7
2016-07-18,86
2016-07-19,84.7
2016-07-20,86.9
2016-07-21,87.3
2016-07-22,87.2
2016-07-23,86.7
2016-07-24,87.4
2016-07-25,82.5
2016-07-26,78.7
2016-07-27,81.3
2016-07-28,82.7
2016-07-29,84.3
2016-07-30,85
2016-07-31,84.2
2016-08-01,85.9
2016-08-02,86.3
2016-08-03,86.6
2016-08-04,86
2016-08-05,86.7
2016-08-06,87
2016-08-07,87.4
2016-08-08,86.8
2016-08-09,87.6
2016-08-10,87.8
2016-08-11,88
2016-08-12,86.6
2016-08-13,82.8
2016-08-14,80.3
2016-08-15,80.7
2016-08-16,78.6
2016-08-17,77.7
2016-08-18,79.7
2016-08-19,80.8
2016-08-20,82.8
2016-08-21,79.3
2016-08-22,80
2016-08-23,84.4
2016-08-24,84.8
2016-08-25,82
2016-08-26,80.1
2016-08-27,81.6
2016-08-28,79
2016-08-29,78.2
2016-08-30,82.3
2016-08-31,85.9
2016-09-01,86.8
2016-09-02,85.8
2016-09-03,84.3
2016-09-04,84.5
2016-09-05,83.7
2016-09-06,84.5
2016-09-07,82.4
2016-09-08,84.3
2016-09-09,81.9
2016-09-10,78.4
2016-09-11,81.9
2016-09-12,83
2016-09-13,82.1
2016-09-14,83.4
2016-09-15,83.9
2016-09-16,82.2
2016-09-17,84.6
2016-09-18,85.3
2016-09-19,85.5
2016-09-20,83.5
2016-09-21,83.8
2016-09-22,83.7
2016-09-23,81.3
2016-09-24,79
2016-09-25,78.4
2016-09-26,78.5
2016-09-27,77.2
2016-09-28,78.4
2016-09-29,76.4
2016-09-30,71.3
2016-10-01,72.6
2016-10-02,76.8
2016-10-03,76.8
2016-10-04,79
2016-10-05,81.9
2016-10-06,81.2
2016-10-07,81.2
2016-10-08,78.5
2016-10-09,72.1
2016-10-10,71.5
2016-10-11,76.4
2016-10-12,79.9
2016-10-13,79.3
2016-10-14,77.8
2016-10-15,79
2016-10-16,80.2
2016-10-17,80.7
2016-10-18,80.9
2016-10-19,80.8
2016-10-20,76.3
2016-10-21,67.1
2016-10-22,64
2016-10-23,68.3
2016-10-24,72.7
2016-10-25,73.3
2016-10-26,73.9
2016-10-27,73.3
2016-10-28,73.4
2016-10-29,75.6
2016-10-30,73.6
2016-10-31,70.9
2016-11-01,77.5
2016-11-02,77.7
2016-11-03,78.4
2016-11-04,76.6
2016-11-05,74.3
2016-11-06,71.3
2016-11-07,70.5
2016-11-08,68.2
2016-11-09,69.2
2016-11-10,65.4
2016-11-11,66.3
2016-11-12,68.1
2016-11-13,63.1
2016-11-14,65.4
2016-11-15,66.8
2016-11-16,67.9
2016-11-17,71.2
2016-11-18,69.4
2016-11-19,54.8
2016-11-20,52.5
2016-11-21,61.4
2016-11-22,71.5
2016-11-23,67.4
2016-11-24,62.4
2016-11-25,66.4
2016-11-26,62.4
2016-11-27,65.3
2016-11-28,73.5
2016-11-29,75.4
2016-11-30,62.7
2016-12-01,56
2016-12-02,59.1
2016-12-03,55.7
2016-12-04,53
2016-12-05,53.1
2016-12-06,57.3
2016-12-07,53.5
2016-12-08,49.6
2016-12-09,45.4
2016-12-10,49.8
2016-12-11,68.4
2016-12-12,69.6
2016-12-13,70.5
2016-12-14,62.8
2016-12-15,53.5
2016-12-16,64
2016-12-17,73.3
2016-12-18,40
2016-12-19,40.1
2016-12-20,47.4
2016-12-21,61.1
2016-12-22,65.8
2016-12-23,68.6
2016-12-24,70.5
2016-12-25,73.6
2016-12-26,74.4
2016-12-27,72.7
2016-12-28,73.1
2016-12-29,65.7
2016-12-30,53.5
2016-12-31,64.1
2017-01-01,66.8
2017-01-02,68.3
2017-01-03,63.1
2017-01-04,49.7
2017-01-05,53.3
2017-01-06,36
2017-01-07,31.3
2017-01-08,38.8
2017-01-09,59
2017-01-10,69.5
2017-01-11,70.7
2017-01-12,69.5
2017-01-13,69
2017-01-14,64.5
2017-01-15,67.2
2017-01-16,71.6
2017-01-17,67.3
2017-01-18,68.5
2017-01-19,60.2
2017-01-20,65
2017-01-21,68.7
2017-01-22,63.1
2017-01-23,60.1
2017-01-24,66.4
2017-01-25,68.1
2017-01-26,52.2
2017-01-27,49.9
2017-01-28,52.2
2017-01-29,53.4
2017-01-30,59.6
2017-01-31,61.6
2017-02-01,68
2017-02-02,67.1
2017-02-03,55.1
2017-02-04,55.6
2017-02-05,69.9
2017-02-06,72.1
2017-02-07,73.4
2017-02-08,74.4
2017-02-09,60.3
2017-02-10,66.6
2017-02-11,74
2017-02-12,74.1
2017-02-13,68.6
2017-02-14,61.8
2017-02-15,53.4
2017-02-16,54.8
2017-02-17,58.9
2017-02-18,67
2017-02-19,72
2017-02-20,64.2
2017-02-21,63.2
2017-02-22,67.4
2017-02-23,66.8
2017-02-24,70.6
2017-02-25,58.8
2017-02-26,64.9
2017-02-27,72.8
2017-02-28,75.3
2017-03-01,74.5
2017-03-02,59.4
2017-03-03,59
2017-03-04,61.3
2017-03-05,65.1
2017-03-06,72
2017-03-07,71.7
2017-03-08,62.4
2017-03-09,71.3
2017-03-10,71.5
2017-03-11,67.5
2017-03-12,56.4
2017-03-13,59.2
2017-03-14,56.1
2017-03-15,57.5
2017-03-16,66.9
2017-03-17,69.4
2017-03-18,69.4
2017-03-19,69.1
2017-03-20,71.8
2017-03-21,71.1
2017-03-22,69.6
2017-03-23,71.5
2017-03-24,73.2
2017-03-25,73.1
2017-03-26,72.3
2017-03-27,75
2017-03-28,75.7
2017-03-29,72.6
2017-03-30,67.5
2017-03-31,70.2
2017-04-01,71.7
2017-04-02,75.6
2017-04-03,72.1
2017-04-04,73.3
2017-04-05,69.5
2017-04-06,65.7
2017-04-07,66.5
2017-04-08,68.6
2017-04-09,71.3
2017-04-10,74.7
2017-04-11,69
2017-04-12,69.1
2017-04-13,71.9
2017-04-14,71.4
2017-04-15,72.4
2017-04-16,74.8
2017-04-17,73.8
2017-04-18,70
2017-04-19,73.7
2017-04-20,75.8
2017-04-21,75.2
2017-04-22,72.6
2017-04-23,63.7
2017-04-24,66.6
2017-04-25,73.6
2017-04-26,79.6
2017-04-27,67.8
2017-04-28,79.5
2017-04-29,80
2017-04-30,67.2
2017-05-01,69.9
2017-05-02,74.1
2017-05-03,76.3
2017-05-04,67
2017-05-05,68.9
2017-05-06,70.2
2017-05-07,72
2017-05-08,73.7
2017-05-09,75.6
2017-05-10,75.6
2017-05-11,77.1
2017-05-12,78.1
2017-05-13,76
2017-05-14,74.9
2017-05-15,74.8
2017-05-16,77.1
2017-05-17,78.9
2017-05-18,81.3
2017-05-19,81.6
2017-05-20,81.5
2017-05-21,77.8
2017-05-22,73.8
2017-05-23,73.2
2017-05-24,71.7
2017-05-25,76
2017-05-26,79.8
2017-05-27,82.4
2017-05-28,82.6
2017-05-29,74.8
2017-05-30,78.1
2017-05-31,78.7
2017-06-01,77.7
2017-06-02,79
2017-06-03,80.2
2017-06-04,75.8
2017-06-05,74.1
2017-06-06,79.3
2017-06-07,82.8
2017-06-08,80
2017-06-09,77.2
2017-06-10,78.5
2017-06-11,81
2017-06-12,82.5
2017-06-13,82.2
2017-06-14,83.3
2017-06-15,83.9
2017-06-16,84.4
2017-06-17,84.3
2017-06-18,85.5
2017-06-19,87.2
2017-06-20,86.7
2017-06-21,81.3
2017-06-22,80.6
2017-06-23,85.8
2017-06-24,81.1
2017-06-25,80.3
2017-06-26,80.9
2017-06-27,80.8
2017-06-28,81.6
2017-06-29,82.1
2017-06-30,85.3
2017-07-01,85.4
2017-07-02,85.4
2017-07-03,85.5
2017-07-04,85.8
2017-07-05,85.4
2017-07-06,84.8
2017-07-07,85.8
2017-07-08,86.7
2017-07-09,84.2
2017-07-10,80.5
2017-07-11,83.4
2017-07-12,85.3
2017-07-13,86.5
2017-07-14,86.7
2017-07-15,80.7
2017-07-16,81.6
2017-07-17,83.8
2017-07-18,83.9
2017-07-19,86.6
2017-07-20,87.1
2017-07-21,86.8
2017-07-22,86.1
2017-07-23,87.1
2017-07-24,86.6
2017-07-25,86
2017-07-26,87.3
2017-07-27,87.7
2017-07-28,88.1
2017-07-29,89
2017-07-30,89
2017-07-31,86
2017-08-01,86.7
2017-08-02,82.4
2017-08-03,82.8
2017-08-04,85.8
2017-08-05,83.6
2017-08-06,85.6
2017-08-07,82.8
2017-08-08,81.5
2017-08-09,84.3
2017-08-10,87.9
2017-08-11,87.7
2017-08-12,88.3
2017-08-13,88.1
2017-08-14,88
2017-08-15,88.2
2017-08-16,88.5
2017-08-17,89
2017-08-18,88
2017-08-19,88.2
2017-08-20,87.2
2017-08-21,87.3
2017-08-22,87.7
2017-08-23,86.7
2017-08-24,85.6
2017-08-25,79.6
2017-08-26,80.5
2017-08-27,78.4
2017-08-28,75.3
2017-08-29,74.3
2017-08-30,80.9
2017-08-31,83.6
2017-09-01,83.1
2017-09-02,83.1
2017-09-03,83.5
2017-09-04,82.6
2017-09-05,84
2017-09-06,79
2017-09-07,75.2
2017-09-08,75.9
2017-09-09,77
2017-09-10,78.4
2017-09-11,77.4
2017-09-12,76.8
2017-09-13,79.4
2017-09-14,81.2
2017-09-15,82.2
2017-09-16,82.5
2017-09-17,83.7
2017-09-18,82.9
2017-09-19,84.4
2017-09-20,83.6
2017-09-21,79.3
2017-09-22,81.4
2017-09-23,83.5
2017-09-24,82.8
2017-09-25,83.3
2017-09-26,83
2017-09-27,83.4
2017-09-28,81.5
2017-09-29,83
2017-09-30,80.5
2017-10-01,81.1
2017-10-02,80.2
2017-10-03,82.4
2017-10-04,82.2
2017-10-05,80.3
2017-10-06,78.5
2017-10-07,81.5
2017-10-08,84.2
2017-10-09,84.4
2017-10-10,78
2017-10-11,74.7
2017-10-12,79.9
2017-10-13,81.7
2017-10-14,81.1
2017-10-15,80
2017-10-16,71.4
2017-10-17,66.5
2017-10-18,70.4
2017-10-19,75.1
2017-10-20,76.3
2017-10-21,80.9
2017-10-22,70.8
2017-10-23,67
2017-10-24,69.4
2017-10-25,63.7
2017-10-26,67.9
2017-10-27,66.3
2017-10-28,54
2017-10-29,55.7
2017-10-30,66
2017-10-31,72.5
2017-11-01,74.9
2017-11-02,79.4
2017-11-03,79.1
2017-11-04,77.2
2017-11-05,79.2
2017-11-06,79
2017-11-07,77.9
2017-11-08,60.6
2017-11-09,57
2017-11-10,60.2
2017-11-11,65.7
2017-11-12,69
2017-11-13,67.9
2017-11-14,66.7
2017-11-15,68.4
2017-11-16,71.9
2017-11-17,73.3
2017-11-18,73
2017-11-19,56.5
2017-11-20,56.6
2017-11-21,65.8
2017-11-22,60.9
2017-11-23,52.3
2017-11-24,56.2
2017-11-25,65.5
2017-11-26,63.9
2017-11-27,60.8
2017-11-28,63.9
2017-11-29,64.8
2017-11-30,63
2017-12-01,61.4
2017-12-02,60.5
2017-12-03,64.7
2017-12-04,71.3
2017-12-05,64.1
2017-12-06,45.1
2017-12-07,42.2
2017-12-08,35
2017-12-09,44.3
2017-12-10,49.5
2017-12-11,54.7
2017-12-12,53.6
2017-12-13,47.1
2017-12-14,54.8
2017-12-15,50.2
2017-12-16,53
2017-12-17,55.5
2017-12-18,63.5
2017-12-19,72.5
2017-12-20,67.4
2017-12-21,67.3
2017-12-22,69.2
2017-12-23,48.4
2017-12-24,51.9
2017-12-25,46.7
2017-12-26,50
2017-12-27,42.4
2017-12-28,41.3
2017-12-29,48.1
2017-12-30,55.6
2017-12-31,47.2
2018-01-01,35.2
2018-01-02,31.1
2018-01-03,33.6
2018-01-04,41.2
2018-01-05,46.3
2018-01-06,49.3
2018-01-07,59.7
2018-01-08,59.6
2018-01-09,50.6
2018-01-10,59.9
2018-01-11,62.3
2018-01-12,39.9
2018-01-13,41.2
2018-01-14,41.4
2018-01-15,53.2
2018-01-16,32.1
2018-01-17,27.5
2018-01-18,33
2018-01-19,46.7
2018-01-20,61
2018-01-21,67.2
2018-01-22,62.6
2018-01-23,52
2018-01-24,50.5
2018-01-25,47.7
2018-01-26,57.6
2018-01-27,62.6
2018-01-28,61.1
2018-01-29,54.3
2018-01-30,48.7
2018-01-31,56.1
2018-02-01,65.3
2018-02-02,54.7
2018-02-03,52.7
2018-02-04,63.4
2018-02-05,55.9
2018-02-06,67.6
2018-02-07,45.5
2018-02-08,48.3
2018-02-09,63.9
2018-02-10,65.4
2018-02-11,43.2
2018-02-12,40.9
2018-02-13,50.2
2018-02-14,67.9
2018-02-15,71.5
2018-02-16,71.7
2018-02-17,69.8
2018-02-18,67.6
2018-02-19,71.6
2018-02-20,73.4
2018-02-21,67.3
2018-02-22,62.8
2018-02-23,70.2
2018-02-24,74
2018-02-25,63.8
2018-02-26,61.7
2018-02-27,70.5
2018-02-28,74.3
2018-03-01,70.8
2018-03-02,64.2
2018-03-03,64.2
2018-03-04,69.9
2018-03-05,72
2018-03-06,61.9
2018-03-07,56.7
2018-03-08,55.7
2018-03-09,62.3
2018-03-10,72.3
2018-03-11,71.4
2018-03-12,57.3
2018-03-13,58
2018-03-14,58.6
2018-03-15,62.7
2018-03-16,72
2018-03-17,72.5
2018-03-18,73.7
2018-03-19,74.4
2018-03-20,62.6
2018-03-21,61.4
2018-03-22,62.9
2018-03-23,68.3
2018-03-24,72.2
2018-03-25,70.9
2018-03-26,73.2
2018-03-27,73.9
2018-03-28,73.2
2018-03-29,68.5
2018-03-30,67.6
2018-03-31,66.3
2018-04-01,69.3
2018-04-02,73.1
2018-04-03,74.9
2018-04-04,64.1
2018-04-05,67
2018-04-06,74.3
2018-04-07,62.8
2018-04-08,51.4
2018-04-09,58.2
2018-04-10,66.4
2018-04-11,64.8
2018-04-12,69.1
2018-04-13,75.6
2018-04-14,60.7
2018-04-15,57.1
2018-04-16,62
2018-04-17,69.4
2018-04-18,73.4
2018-04-19,70
2018-04-20,60.7
2018-04-21,69.4
2018-04-22,66.1
2018-04-23,67.5
2018-04-24,71.6
2018-04-25,74.1
2018-04-26,66
2018-04-27,68.3
2018-04-28,69.8
2018-04-29,69.8
2018-04-30,70.8
2018-05-01,74.2
2018-05-02,77.5
2018-05-03,77.3
2018-05-04,75
2018-05-05,72.6
2018-05-06,75.6
2018-05-07,77
2018-05-08,77.1
2018-05-09,76.5
2018-05-10,76.8
2018-05-11,78.2
2018-05-12,79.2
2018-05-13,79.5
2018-05-14,78.9
2018-05-15,78.8
2018-05-16,80.4
2018-05-17,81.5
2018-05-18,79
2018-05-19,80.5
2018-05-20,79.3
2018-05-21,75
2018-05-22,76.7
2018-05-23,76.3
2018-05-24,78.6
2018-05-25,80
2018-05-26,78.3
2018-05-27,79.7
2018-05-28,82.5
2018-05-29,83.1
2018-05-30,81.7
2018-05-31,82.5
2018-06-01,83.2
2018-06-02,83.7
2018-06-03,83.2
2018-06-04,82.3
2018-06-05,83.8
2018-06-06,82.9
2018-06-07,83.4
2018-06-08,83
2018-06-09,82.3
2018-06-10,84.3
2018-06-11,84.2
2018-06-12,84.6
2018-06-13,84.2
2018-06-14,76.7
2018-06-15,81.5
2018-06-16,83.4
2018-06-17,82
2018-06-18,77.6
2018-06-19,77.8
2018-06-20,79.5
2018-06-21,79.8
2018-06-22,83.4
2018-06-23,83.5
2018-06-24,84.5
2018-06-25,84.4
2018-06-26,84.1
2018-06-27,84.3
2018-06-28,83.9
2018-06-29,84.7
2018-06-30,85
2018-07-01,84.5
2018-07-02,85
2018-07-03,84.1
2018-07-04,74.9
2018-07-05,81
2018-07-06,82.3
2018-07-07,82.2
2018-07-08,78.4
2018-07-09,80.2
2018-07-10,83.4
2018-07-11,84.6
2018-07-12,85
2018-07-13,84.2
2018-07-14,84.8
2018-07-15,85.2
2018-07-16,84.9
2018-07-17,85
2018-07-18,85.6
2018-07-19,86
2018-07-20,86.5
2018-07-21,86.5
2018-07-22,86.5
2018-07-23,86.5
2018-07-24,86.4
2018-07-25,86.7
2018-07-26,86.3
2018-07-27,85.5
2018-07-28,89.9
2018-07-29,86.5
2018-07-30,86.1
2018-07-31,80.3
2018-08-01,84
2018-08-02,84.9
2018-08-03,84.1
2018-08-04,81.3
2018-08-05,83.6
2018-08-06,83.7
2018-08-07,83.8
2018-08-08,82.5
2018-08-09,84.7
2018-08-10,82.9
2018-08-11,80.8
2018-08-12,84.1
2018-08-13,84.7
2018-08-14,84.5
2018-08-15,84.9
2018-08-16,85.8
2018-08-17,85.4
2018-08-18,85.7
2018-08-19,86
2018-08-20,85.5
2018-08-21,87.1
2018-08-22,88.6
2018-08-23,86.4
2018-08-24,84.9
2018-08-25,87.7
2018-08-26,85.2
2018-08-27,85.5
2018-08-28,83.2
2018-08-29,79.9
2018-08-30,82.4
2018-08-31,84.6
2018-09-01,83
2018-09-02,79.1
2018-09-03,76.9
2018-09-04,80.7
2018-09-05,83.1
2018-09-06,81.5
2018-09-07,82.5
2018-09-08,83.3
2018-09-09,78.5
2018-09-10,75.6
2018-09-11,76.2
2018-09-12,78.8
2018-09-13,78.8
2018-09-14,76.3
2018-09-15,80.7
2018-09-16,81.2
2018-09-17,84.4
2018-09-18,85.3
2018-09-19,83.3
2018-09-20,83.3
2018-09-21,82.1
2018-09-22,78.6
2018-09-23,75.9
2018-09-24,78.9
2018-09-25,80.2
2018-09-26,78.4
2018-09-27,75.4
2018-09-28,75.3
2018-09-29,76
2018-09-30,76.1
2018-10-01,75.8
2018-10-02,79.4
2018-10-03,80.7
2018-10-04,81.5
2018-10-05,81.6
2018-10-06,82
2018-10-07,82.4
2018-10-08,80.5
2018-10-09,81.2
2018-10-10,77.9
2018-10-11,73.6
2018-10-12,74.9
2018-10-13,79.5
2018-10-14,81.4
2018-10-15,68.8
2018-10-16,59.9
2018-10-17,61.1
2018-10-18,64.7
2018-10-19,73.9
2018-10-20,68.8
2018-10-21,66.3
2018-10-22,61.6
2018-10-23,59.6
2018-10-24,65.4
2018-10-25,65.5
2018-10-26,64.7
2018-10-27,67
2018-10-28,71.5
2018-10-29,70.1
2018-10-30,75
2018-10-31,72.9
2018-11-01,61.6
2018-11-02,59.4
2018-11-03,66.9
2018-11-04,67.2
2018-11-05,75.3
2018-11-06,77.9
2018-11-07,78.1
2018-11-08,70.2
2018-11-09,57.9
2018-11-10,49.7
2018-11-11,54.1
2018-11-12,52
2018-11-13,39.5
2018-11-14,41.5
2018-11-15,45.6
2018-11-16,54
2018-11-17,60.3
2018-11-18,59.9
2018-11-19,49.7
2018-11-20,53.4
2018-11-21,51.8
2018-11-22,55.3
2018-11-23,64.3
2018-11-24,60.7
2018-11-25,65.3
2018-11-26,49.7
2018-11-27,49.3
2018-11-28,60.1
2018-11-29,68.9
2018-11-30,71.5
2018-12-01,71.5
2018-12-02,64.1
2018-12-03,58.8
2018-12-04,51.9
2018-12-05,49.5
2018-12-06,60.4
2018-12-07,66.2
2018-12-08,50.1
2018-12-09,46.3
2018-12-10,48
2018-12-11,50.6
2018-12-12,62.8
2018-12-13,65.8
2018-12-14,48.9
2018-12-15,54.9
2018-12-16,54.3
2018-12-17,57.2
2018-12-18,55.5
2018-12-19,57.4
2018-12-20,57.4
2018-12-21,53.3
2018-12-22,61.6
2018-12-23,59.9
2018-12-24,57.4
2018-12-25,61.9
2018-12-26,66.5
2018-12-27,62.1
2018-12-28,55
2018-12-29,50.5
2018-12-30,47.9
2018-12-31,50.5
2019-01-01,53.3
2019-01-02,53
2019-01-03,48.5
2019-01-04,48.3
2019-01-05,54.2
2019-01-06,59.4
2019-01-07,65.6
2019-01-08,66.8
2019-01-09,58
2019-01-10,52.5
2019-01-11,56.9
2019-01-12,61.1
2019-01-13,49.4
2019-01-14,47.7
2019-01-15,49.4
2019-01-16,57.2
2019-01-17,62.7
2019-01-18,63.7
2019-01-19,55.2
2019-01-20,41.8
2019-01-21,52.3
2019-01-22,66.9
2019-01-23,43.3
2019-01-24,44.7
2019-01-25,49.4
2019-01-26,53.8
2019-01-27,55.9
2019-01-28,58.3
2019-01-29,45.6
2019-01-30,47.1
2019-01-31,54.5
2019-02-01,60
2019-02-02,59.5
2019-02-03,63.8
2019-02-04,69.9
2019-02-05,69.3
2019-02-06,73.5
2019-02-07,65.5
2019-02-08,41.5
2019-02-09,43
2019-02-10,58.3
2019-02-11,68.4
2019-02-12,60.7
2019-02-13,53.5
2019-02-14,62.4
2019-02-15,66.7
2019-02-16,66.4
2019-02-17,61.9
2019-02-18,55.4
2019-02-19,49.6
2019-02-20,53.3
2019-02-21,52.9
2019-02-22,62.7
2019-02-23,69.7
2019-02-24,59.4
2019-02-25,55
2019-02-26,59.5
2019-02-27,66.3
2019-02-28,57
2019-03-01,56.2
2019-03-02,65
2019-03-03,56
2019-03-04,38.5
2019-03-05,40.2
2019-03-06,48.5
2019-03-07,63.1
2019-03-08,72.3
2019-03-09,72.7
2019-03-10,71.8
2019-03-11,73.2
2019-03-12,68
2019-03-13,73
2019-03-14,71
2019-03-15,58.2
2019-03-16,56.2
2019-03-17,56.9
2019-03-18,58.1
2019-03-19,61.8
2019-03-20,63
2019-03-21,65.4
2019-03-22,65.3
2019-03-23,65.9
2019-03-24,69
2019-03-25,72.4
2019-03-26,68.7
2019-03-27,64.1
2019-03-28,65.5
2019-03-29,69.8
2019-03-30,65.7
2019-03-31,51.5
2019-04-01,50.2
2019-04-02,56
2019-04-03,63.1
2019-04-04,72.9
2019-04-05,71.8
2019-04-06,73.2
2019-04-07,69.8
2019-04-08,69.9
2019-04-09,75.6
2019-04-10,75.3
2019-04-11,73.1
2019-04-12,69.5
2019-04-13,73.7
2019-04-14,59.9
2019-04-15,65.3
2019-04-16,70.4
2019-04-17,73.4
2019-04-18,67.3
2019-04-19,65.5
2019-04-20,65
2019-04-21,69.1
2019-04-22,71.8
2019-04-23,72
2019-04-24,73.6
2019-04-25,73.2
2019-04-26,75.6
2019-04-27,73.4
2019-04-28,73.3
2019-04-29,77.4
2019-04-30,79.1
2019-05-01,78.3
2019-05-02,78.2
2019-05-03,75.5
2019-05-04,73.9
2019-05-05,76.4
2019-05-06,75.3
2019-05-07,74.9
2019-05-08,77.8
2019-05-09,77.7
2019-05-10,72
2019-05-11,72
2019-05-12,70.5
2019-05-13,73.2
2019-05-14,76.2
2019-05-15,77
2019-05-16,76.8
2019-05-17,78
2019-05-18,80.2
2019-05-19,83.1
2019-05-20,82.1
2019-05-21,82.7
2019-05-22,83.4
2019-05-23,81.7
2019-05-24,81.9
2019-05-25,82.4
2019-05-26,81.6
2019-05-27,81.6
2019-05-28,82.9
2019-05-29,80.5
2019-05-30,80.9
2019-05-31,80.7
2019-06-01,82.4
2019-06-02,83.8
2019-06-03,84.4
2019-06-04,81.2
2019-06-05,77.2
2019-06-06,80.5
2019-06-07,83.4
2019-06-08,85.6
2019-06-09,87.9
2019-06-10,85.3
2019-06-11,81.5
2019-06-12,82.1
2019-06-13,83.5
2019-06-14,83
2019-06-15,84.4
2019-06-16,80.9
2019-06-17,76.1
2019-06-18,83.9
2019-06-19,85.1
2019-06-20,85.5
2019-06-21,86.4
2019-06-22,86
2019-06-23,86.8
2019-06-24,77.1
2019-06-25,75.8
2019-06-26,82.4
2019-06-27,83.5
2019-06-28,83.1
2019-06-29,77.9
2019-06-30,79.2
2019-07-01,83.3
2019-07-02,80.5
2019-07-03,81.2
2019-07-04,84.3
2019-07-05,84.9
2019-07-06,85
2019-07-07,85.6
2019-07-08,86.2
2019-07-09,86.4
2019-07-10,86.8
2019-07-11,89
2019-07-12,89.8
2019-07-13,84.2
2019-07-14,83.9
2019-07-15,84.9
2019-07-16,85.9
2019-07-17,86.5
2019-07-18,86
2019-07-19,86.1
2019-07-20,86.5
2019-07-21,85.3
2019-07-22,84.1
2019-07-23,82.5
2019-07-24,81.3
2019-07-25,81.5
2019-07-26,83.5
2019-07-27,86.3
2019-07-28,82.4
2019-07-29,86
2019-07-30,84
2019-07-31,84.6
2019-08-01,85.1
2019-08-02,85.5
2019-08-03,85.3
2019-08-04,84.2
2019-08-05,84.5
2019-08-06,86.1
2019-08-07,87.1
2019-08-08,88
2019-08-09,87.9
2019-08-10,87.3
2019-08-11,88.1
2019-08-12,88.3
2019-08-13,88
2019-08-14,85.2
2019-08-15,86.1
2019-08-16,86.8
2019-08-17,86.2
2019-08-18,86.8
2019-08-19,84.7
2019-08-20,83.7
2019-08-21,85.5
2019-08-22,85
2019-08-23,81.5
2019-08-24,83.3
2019-08-25,80.8
2019-08-26,86.3
2019-08-27,85.6
2019-08-28,83.3
2019-08-29,84.3
2019-08-30,84.2
2019-08-31,84
2019-09-01,86.8
2019-09-02,86.9
2019-09-03,86
2019-09-04,87.8
2019-09-05,86.8
2019-09-06,85.1
2019-09-07,84.8
2019-09-08,83.9
2019-09-09,84.7
2019-09-10,86
2019-09-11,82.6
2019-09-12,84.4
2019-09-13,85.4
2019-09-14,85.5
2019-09-15,85.2
2019-09-16,81.7
2019-09-17,77.1
2019-09-18,78.5
2019-09-19,77.4
2019-09-20,81.7
2019-09-21,82.1
2019-09-22,82.8
2019-09-23,83.1
2019-09-24,82.4
2019-09-25,81.5
2019-09-26,81.9
2019-09-27,80.3
2019-09-28,83.9
2019-09-29,84
2019-09-30,84.5
2019-10-01,83.1
2019-10-02,83.4
2019-10-03,84.4
2019-10-04,83.8
2019-10-05,82.9
2019-10-06,82.8
2019-10-07,78.9
2019-10-08,73.6
2019-10-09,79
2019-10-10,82.1
2019-10-11,68.1
2019-10-12,62.6
2019-10-13,71.1
2019-10-14,78.8
2019-10-15,82.8
2019-10-16,72.8
2019-10-17,62.6
2019-10-18,68.8
2019-10-19,77.3
2019-10-20,80.3
2019-10-21,74.4
2019-10-22,68.5
2019-10-23,70.6
2019-10-24,73.1
2019-10-25,58.2
2019-10-26,57.1
2019-10-27,64.3
2019-10-28,68.8
2019-10-29,70.7
2019-10-30,61.8
2019-10-31,47.4
2019-11-01,49.3
2019-11-02,56.9
2019-11-03,56
2019-11-04,66.4
2019-11-05,68.8
2019-11-06,69.1
2019-11-07,66.7
2019-11-08,52.2
2019-11-09,53.6
2019-11-10,61.1
2019-11-11,59.8
2019-11-12,39.7
2019-11-13,41
2019-11-14,46.6
2019-11-15,49.1
2019-11-16,50.8
2019-11-17,56.1
2019-11-18,61.1
2019-11-19,63.4
2019-11-20,70.8
2019-11-21,74.9
2019-11-22,69.9
2019-11-23,55.3
2019-11-24,56
2019-11-25,68
2019-11-26,76
2019-11-27,68.1
2019-11-28,67.3
2019-11-29,73.2
2019-11-30,75.9
2019-12-01,60.7
2019-12-02,53.8
2019-12-03,56.4
2019-12-04,61.8
2019-12-05,64.1
2019-12-06,66.8
2019-12-07,61.7
2019-12-08,60.9
2019-12-09,71.9
2019-12-10,55.2
2019-12-11,49.6
2019-12-12,54.8
2019-12-13,64.3
2019-12-14,62
2019-12-15,73.3
2019-12-16,65.9
2019-12-17,45.3
2019-12-18,46.4
2019-12-19,47.7
2019-12-20,52.5
2019-12-21,52.4
2019-12-22,51.4
2019-12-23,55.1
2019-12-24,57.8
2019-12-25,58.7
2019-12-26,61.9
2019-12-27,63.7
2019-12-28,70.5
2019-12-29,63.7
2019-12-30,52.3
2019-12-31,51.9
